,Date,Close Prices,"ARIMA_50.0_(0, 0, 0)_Predictions","ARIMA_50.0_(0, 0, 1)_Predictions","ARIMA_50.0_(0, 1, 0)_Predictions","ARIMA_50.0_(0, 2, 0)_Predictions","ARIMA_50.0_(0, 1, 1)_Predictions","ARIMA_50.0_(0, 2, 1)_Predictions","ARIMA_50.0_(1, 0, 0)_Predictions","ARIMA_50.0_(1, 0, 1)_Predictions","ARIMA_50.0_(1, 1, 0)_Predictions","ARIMA_50.0_(1, 2, 0)_Predictions","ARIMA_50.0_(1, 2, 1)_Predictions","ARIMA_50.0_(2, 0, 0)_Predictions","ARIMA_50.0_(2, 0, 1)_Predictions","ARIMA_50.0_(2, 1, 0)_Predictions","ARIMA_50.0_(2, 1, 1)_Predictions","ARIMA_50.0_(2, 2, 0)_Predictions"
0,2015-01-19,48.79,95.13,77.9,47.62,45.28,47.6,45.32,48.14,48.12,47.6,43.17,44.88,48.12,46.94,47.08,46.09,43.55
1,2015-01-26,52.99,95.01,69.55,48.72,49.9,48.73,46.7,49.23,49.26,48.73,48.01,46.09,49.26,48.35,48.54,47.27,46.09
2,2015-02-02,57.8,94.91,80.45,52.93,57.21,52.96,51.35,53.41,53.48,52.97,55.55,50.74,53.49,53.0,53.06,51.89,53.87
3,2015-02-09,57.39,94.81,75.0,57.76,62.63,57.81,56.56,58.2,58.29,57.81,62.31,57.35,58.3,58.22,58.15,57.33,61.21
4,2015-02-16,60.22,94.72,79.32,57.35,56.99,57.34,56.21,57.79,57.79,57.34,59.79,56.91,57.79,57.85,57.73,57.44,60.5
5,2015-02-23,62.58,94.63,77.89,60.18,63.07,60.21,59.76,60.59,60.65,60.22,61.33,59.79,60.66,60.91,60.18,60.22,62.47
6,2015-03-02,59.73,94.55,81.14,62.55,64.96,62.57,62.15,62.93,62.98,62.58,65.21,62.18,62.99,63.43,62.81,62.83,64.24
7,2015-03-09,54.67,94.46,75.69,59.69,56.88,59.66,59.28,60.1,60.07,59.66,59.67,59.26,60.06,60.41,59.86,60.14,60.74
8,2015-03-16,55.32,94.36,75.94,54.62,49.61,54.56,54.18,55.08,55.0,54.55,50.78,54.13,54.99,55.1,54.33,54.74,52.85
9,2015-03-23,56.41,94.26,76.15,55.27,55.98,55.28,54.82,55.72,55.74,55.28,52.93,54.84,55.75,55.85,54.89,54.94,52.65
10,2015-03-30,54.95,94.17,76.83,56.36,57.51,56.38,55.93,56.8,56.83,56.38,57.28,55.94,56.83,57.05,56.43,56.15,55.34
11,2015-04-06,57.87,94.07,74.83,54.9,53.5,54.88,54.46,55.35,55.33,54.88,54.85,54.45,55.33,55.55,54.97,54.84,55.15
12,2015-04-13,63.45,93.98,79.07,57.83,60.81,57.86,57.4,58.25,58.3,57.86,58.48,57.44,58.31,58.67,57.75,57.64,58.55
13,2015-04-20,65.28,93.9,80.15,63.42,69.05,63.49,63.03,63.78,63.9,63.51,67.65,63.12,63.92,64.56,63.72,63.5,65.76
14,2015-04-27,66.46,93.83,80.74,65.26,67.13,65.28,64.89,65.6,65.64,65.29,69.12,64.93,65.65,66.45,65.71,65.77,68.91
15,2015-05-04,65.39,93.76,81.18,66.44,67.65,66.46,66.09,66.76,66.79,66.46,68.0,66.59,66.8,67.64,66.6,67.0,69.34
16,2015-05-11,66.57,93.69,79.78,65.37,64.33,65.35,65.02,65.7,65.69,65.35,65.52,65.0,65.69,66.46,65.44,65.91,66.12
17,2015-05-18,65.37,93.63,81.98,66.55,67.76,66.57,66.2,66.87,66.9,66.57,66.57,66.68,66.91,67.66,66.49,66.89,66.91
18,2015-05-25,65.56,93.56,78.92,65.35,64.18,65.33,65.0,65.68,65.66,65.33,65.44,64.99,65.66,66.35,65.42,65.72,65.12
19,2015-06-01,63.31,93.49,81.7,65.54,65.76,65.54,65.19,65.86,65.88,65.54,65.02,65.59,65.88,66.52,65.45,65.73,65.55
20,2015-06-08,63.87,93.41,77.19,63.28,61.07,63.25,62.93,63.63,63.6,63.25,62.36,62.9,63.59,64.12,63.26,63.46,62.33
21,2015-06-15,63.02,93.34,81.59,63.84,64.44,63.85,63.49,64.19,64.21,63.85,62.95,63.5,64.21,64.7,63.68,63.8,63.25
22,2015-06-22,63.26,93.27,76.88,62.99,62.18,62.98,62.63,63.34,63.34,62.98,62.93,62.63,63.33,63.79,63.02,63.01,62.26
23,2015-06-29,62.07,93.2,81.17,63.23,63.51,63.24,62.88,63.58,63.59,63.24,62.93,62.89,63.6,64.04,63.17,63.18,63.2
24,2015-07-06,58.73,93.12,76.26,62.04,60.89,62.02,61.68,62.4,62.38,62.02,61.65,61.67,62.38,62.78,62.04,62.02,61.54
25,2015-07-13,57.52,93.04,77.56,58.69,55.39,58.64,58.31,59.08,59.03,58.64,56.53,58.27,59.02,59.27,58.55,58.59,57.36
26,2015-07-20,54.62,92.95,75.25,57.48,56.32,57.46,57.09,57.88,57.87,57.46,55.18,57.08,57.86,58.02,57.2,57.14,55.51
27,2015-07-27,52.21,92.86,74.63,54.57,51.72,54.53,54.17,54.99,54.95,54.52,52.62,54.13,54.94,55.0,54.43,54.21,52.22
28,2015-08-03,48.61,92.76,72.93,52.16,49.8,52.12,51.74,52.59,52.56,52.11,49.54,51.7,52.55,52.51,51.89,51.64,50.0
29,2015-08-10,49.03,92.66,71.14,48.55,45.01,48.49,48.11,49.01,48.94,48.48,45.64,48.05,48.93,48.76,48.29,47.95,45.68
30,2015-08-17,45.46,92.55,72.98,48.97,49.46,48.98,48.52,49.42,49.45,48.98,47.32,48.54,49.45,49.31,48.69,48.21,47.01
31,2015-08-24,50.05,92.44,68.07,45.39,41.89,45.33,44.93,45.86,45.8,45.32,44.01,44.88,45.79,45.6,45.37,44.83,43.4
32,2015-08-31,49.61,92.34,76.37,49.99,54.66,50.06,49.55,50.44,50.54,50.07,50.3,49.62,50.56,50.58,49.77,49.26,50.18
33,2015-09-07,48.14,92.24,68.52,49.55,49.18,49.54,49.12,49.99,50.0,49.54,51.87,49.12,50.0,50.16,49.93,49.37,50.11
34,2015-09-14,47.47,92.13,74.07,48.08,46.68,48.06,47.64,48.53,48.51,48.05,47.22,47.63,48.51,48.64,48.02,47.91,49.03
35,2015-09-21,48.6,92.03,68.43,47.41,46.81,47.4,46.97,47.86,47.86,47.4,46.38,46.96,47.86,47.99,47.28,47.16,46.57
36,2015-09-28,48.13,91.93,74.33,48.54,49.74,48.56,48.1,48.98,49.01,48.56,48.78,48.13,49.02,49.23,48.51,48.29,48.21
37,2015-10-05,52.65,91.82,68.56,48.07,47.67,48.06,47.64,48.51,48.51,48.06,48.52,47.64,48.51,48.76,48.16,47.97,48.22
38,2015-10-12,48.73,91.73,77.61,52.6,57.19,52.66,52.19,53.01,53.1,52.67,54.53,52.26,53.12,53.58,52.63,52.47,54.19
39,2015-10-19,47.99,91.63,65.99,48.67,44.81,48.62,48.25,49.1,49.05,48.62,49.34,48.22,49.04,49.41,49.0,48.98,49.18
40,2015-10-26,49.56,91.53,75.56,47.93,47.26,47.92,47.5,48.36,48.36,47.92,45.55,47.5,48.36,48.65,47.6,47.84,47.73
41,2015-11-02,47.42,91.43,68.34,49.5,51.14,49.52,49.09,49.92,49.96,49.52,49.91,49.11,49.97,50.34,49.47,49.37,48.47
42,2015-11-09,43.61,91.33,72.76,47.36,45.29,47.33,46.94,47.79,47.77,47.33,47.27,46.92,47.76,48.08,47.46,47.41,47.16
43,2015-11-16,44.66,91.22,65.32,43.54,39.8,43.49,43.1,43.99,43.94,43.49,40.69,43.06,43.93,44.07,43.32,43.42,42.18
44,2015-11-23,44.86,91.11,72.77,44.59,45.72,44.6,44.15,45.04,45.06,44.61,43.13,44.17,45.07,45.23,44.3,44.17,42.82
45,2015-11-30,43.0,91.01,66.19,44.79,45.07,44.79,44.36,45.23,45.24,44.79,45.52,44.36,45.25,45.48,44.88,44.56,44.09
46,2015-12-07,37.93,90.9,70.28,42.93,41.15,42.91,42.49,43.37,43.35,42.9,42.24,42.47,43.35,43.54,42.93,42.78,42.88
47,2015-12-14,36.88,90.77,61.98,37.85,32.86,37.78,37.38,38.31,38.24,37.77,34.56,37.33,38.22,38.2,37.63,37.6,35.79
48,2015-12-21,37.89,90.65,68.33,36.79,35.84,36.78,36.31,37.26,37.25,36.78,33.69,36.31,37.25,37.17,36.38,36.18,34.03
49,2015-12-28,37.28,90.53,63.41,37.81,38.91,37.82,37.33,38.26,38.29,37.82,37.82,37.35,38.3,38.32,37.74,37.25,36.14
50,2016-01-04,33.55,90.41,67.14,37.19,36.68,37.19,36.72,37.65,37.65,37.19,37.54,36.72,37.65,37.73,37.27,36.85,37.15
51,2016-01-11,31.01,90.28,60.32,33.46,29.82,33.41,32.97,33.92,33.87,33.4,31.48,32.93,33.86,33.82,33.36,33.15,32.55
52,2016-01-18,32.18,90.15,64.02,30.91,28.47,30.88,30.4,31.38,31.34,30.87,27.84,30.38,31.34,31.2,30.59,30.37,28.65
53,2016-01-25,34.74,90.01,61.58,32.08,33.36,32.1,31.58,32.54,32.58,32.1,31.39,31.6,32.58,32.54,31.91,31.46,30.36
54,2016-02-01,34.06,89.89,65.93,34.65,37.32,34.69,34.16,35.1,35.16,34.69,36.58,34.21,35.17,35.34,34.79,34.26,35.13
55,2016-02-08,33.36,89.76,61.27,33.97,33.39,33.96,33.49,34.42,34.42,33.96,35.11,33.49,34.42,34.65,34.16,33.88,35.22
56,2016-02-15,33.01,89.64,64.69,33.27,32.67,33.26,32.78,33.72,33.71,33.26,32.68,32.78,33.71,33.94,33.21,33.15,33.74
57,2016-02-22,35.1,89.51,61.15,32.92,32.67,32.91,32.43,33.36,33.37,32.91,32.48,32.44,33.37,33.6,32.87,32.77,32.43
58,2016-02-29,38.72,89.39,66.08,35.01,37.2,35.04,34.54,35.45,35.5,35.05,35.91,34.57,35.51,35.86,35.02,34.87,35.38
59,2016-03-07,40.39,89.27,64.76,38.64,42.36,38.7,38.19,39.06,39.15,38.71,41.55,38.25,39.16,39.72,38.86,38.7,40.5
60,2016-03-14,41.2,89.17,67.34,40.31,42.07,40.34,39.88,40.73,40.77,40.35,43.11,39.92,40.78,41.47,40.62,40.66,42.95
61,2016-03-21,40.44,89.06,65.62,41.13,42.02,41.14,40.71,41.53,41.56,41.14,42.48,40.73,41.57,42.28,41.27,41.54,43.26
62,2016-03-28,39.66,88.95,66.37,40.36,39.69,40.35,39.94,40.77,40.77,40.35,40.52,39.94,40.77,41.43,40.42,40.76,41.07
63,2016-04-04,41.94,88.84,64.86,39.58,38.89,39.57,39.16,39.99,39.99,39.57,38.9,39.16,39.99,40.56,39.52,39.84,39.41
64,2016-04-11,43.1,88.74,68.16,41.87,44.23,41.91,41.46,42.26,42.32,41.91,42.62,41.5,42.33,42.96,41.86,42.01,42.1
65,2016-04-18,45.11,88.64,66.12,43.03,44.27,43.05,42.63,43.42,43.45,43.05,44.87,42.66,43.46,44.15,43.23,43.33,44.07
66,2016-04-25,48.13,88.54,69.67,45.04,47.13,45.08,44.66,45.42,45.47,45.09,46.69,44.71,45.48,46.24,45.18,45.38,46.91
67,2016-05-02,45.37,88.45,69.09,48.07,51.17,48.13,47.71,48.43,48.5,48.14,50.64,47.77,48.52,49.38,48.29,48.5,50.19
68,2016-05-09,47.83,88.36,67.04,45.31,42.61,45.26,44.94,45.68,45.63,45.25,45.67,44.89,45.62,46.36,45.49,45.88,46.34
69,2016-05-16,48.72,88.27,70.99,47.77,50.3,47.81,47.41,48.13,48.19,47.82,47.54,47.46,48.19,48.93,47.61,48.01,48.52
70,2016-05-23,49.32,88.19,68.15,48.66,49.62,48.68,48.31,49.01,49.04,48.68,50.45,48.34,49.04,49.8,48.87,49.05,49.03
71,2016-05-30,49.64,88.1,71.15,49.26,49.93,49.27,48.92,49.61,49.63,49.28,50.09,48.94,49.63,50.37,49.35,49.65,50.65
72,2016-06-06,50.54,88.02,68.65,49.59,49.97,49.59,49.25,49.92,49.94,49.59,50.12,49.26,49.94,50.65,49.64,49.94,50.26
73,2016-06-13,49.17,87.94,71.62,50.49,51.45,50.5,50.72,50.82,50.84,50.51,51.15,50.18,50.85,51.54,50.53,50.8,51.14
74,2016-06-20,48.41,87.85,67.63,49.11,47.81,49.09,48.78,49.45,49.43,49.09,49.01,48.76,49.43,50.03,49.16,49.43,49.21
75,2016-06-27,49.84,87.77,70.45,48.35,47.66,48.34,48.01,48.7,48.69,48.34,47.33,48.01,48.69,49.18,48.24,48.5,47.97
76,2016-07-04,46.76,87.69,69.11,49.79,51.28,49.81,49.45,50.12,50.15,49.81,50.12,49.49,50.16,50.67,49.76,49.84,49.55
77,2016-07-11,47.61,87.6,67.45,46.7,43.68,46.65,46.36,47.05,47.0,46.65,46.07,46.31,46.99,47.37,46.76,46.87,46.13
78,2016-07-18,45.69,87.51,69.62,47.55,48.47,47.57,47.21,47.89,47.92,47.57,46.39,47.23,47.92,48.26,47.34,47.44,47.18
79,2016-07-25,42.46,87.42,65.84,45.63,43.78,45.6,45.28,45.98,45.95,45.6,45.24,45.26,45.95,46.21,45.67,45.62,44.44
80,2016-08-01,44.27,87.33,66.23,42.39,39.23,42.34,42.03,42.76,42.71,42.33,39.92,41.98,42.7,42.79,42.19,42.23,41.05
81,2016-08-08,46.97,87.24,67.41,44.21,46.09,44.23,43.84,44.56,44.61,44.24,43.42,43.88,44.61,44.75,43.99,43.82,42.97
82,2016-08-15,50.88,87.15,68.7,46.91,49.69,46.95,46.57,47.25,47.31,46.96,49.22,46.62,47.32,47.63,47.1,46.76,47.42
83,2016-08-22,49.92,87.07,70.99,50.83,54.81,50.9,50.51,51.14,51.23,50.91,54.17,50.59,51.25,51.75,51.11,50.93,53.68
84,2016-08-29,46.83,86.99,67.97,49.87,48.97,49.85,49.55,50.19,50.17,49.85,51.54,49.54,50.17,50.69,50.15,50.26,51.99
85,2016-09-05,48.01,86.91,67.81,46.77,43.74,46.72,46.44,47.11,47.05,46.71,44.86,46.39,47.05,47.38,46.65,47.0,46.81
86,2016-09-12,45.77,86.83,68.93,47.95,49.2,47.97,47.63,48.28,48.32,47.98,46.95,47.66,48.32,48.63,47.75,47.9,46.91
87,2016-09-19,45.89,86.74,65.81,45.71,43.53,45.67,45.38,46.05,46.01,45.67,45.34,45.34,46.01,46.25,45.76,45.77,44.54
88,2016-09-26,49.06,86.66,68.65,45.83,46.02,45.83,45.49,46.17,46.18,45.83,44.77,45.5,46.18,46.38,45.67,45.71,45.48
89,2016-10-03,51.93,86.58,68.86,49.01,52.25,49.06,48.69,49.33,49.4,49.07,50.64,48.75,49.41,49.75,49.07,48.92,49.35
90,2016-10-10,51.95,86.51,71.19,51.88,54.82,51.93,51.58,52.18,52.25,51.94,54.98,51.65,52.26,52.76,52.17,52.07,54.04
91,2016-10-17,51.78,86.43,69.03,51.9,51.98,51.9,51.61,52.2,52.21,51.9,53.48,51.62,52.21,52.73,52.11,52.27,54.07
92,2016-10-24,49.71,86.36,70.76,51.73,51.62,51.73,51.44,52.03,52.03,51.73,51.72,51.45,52.03,52.51,51.73,52.03,52.68
93,2016-10-31,45.58,86.29,67.24,49.66,47.64,49.62,49.36,49.97,49.93,49.62,48.64,49.33,49.93,50.28,49.61,49.88,49.03
94,2016-11-07,44.75,86.2,66.6,45.52,41.45,45.44,45.2,45.86,45.77,45.43,42.53,45.12,45.76,45.9,45.29,45.53,43.49
95,2016-11-14,46.86,86.12,66.34,44.69,43.93,44.67,44.36,45.03,45.02,44.67,42.19,44.35,45.02,45.05,44.38,44.4,42.29
96,2016-11-21,47.24,86.03,68.4,46.8,48.98,46.84,46.48,47.13,47.19,46.85,47.44,46.54,47.19,47.32,46.79,46.53,45.87
97,2016-11-28,54.46,85.95,66.79,47.18,47.63,47.19,46.87,47.51,47.52,47.19,48.54,46.89,47.53,47.73,47.34,47.12,47.88
98,2016-12-05,54.33,85.89,74.72,54.42,61.7,54.56,54.14,54.69,54.87,54.58,58.11,54.31,54.89,55.36,54.6,54.43,57.51
99,2016-12-12,55.21,85.83,67.36,54.29,54.21,54.28,54.02,54.56,54.56,54.29,58.09,54.03,54.56,55.15,54.82,54.81,57.14
100,2016-12-19,55.16,85.76,74.76,55.17,56.1,55.19,54.91,55.43,55.46,55.19,55.57,54.94,55.46,56.03,55.18,55.58,57.77
101,2016-12-26,56.13,85.7,67.95,55.12,55.12,55.12,54.86,55.38,55.39,55.12,55.61,54.87,55.39,55.92,55.19,55.51,55.44
102,2017-01-02,57.1,85.64,74.94,56.09,57.11,56.11,55.84,56.35,56.37,56.11,56.57,55.87,56.38,56.89,56.11,56.41,56.7
103,2017-01-09,55.45,85.58,69.42,57.06,58.08,57.08,56.82,57.31,57.34,57.09,58.08,56.85,57.34,57.86,57.16,57.39,57.76
104,2017-01-16,55.49,85.52,72.87,55.41,53.81,55.38,55.16,55.67,55.64,55.38,55.18,55.13,55.63,56.07,55.45,55.73,55.63
105,2017-01-23,55.52,85.46,69.72,55.45,55.54,55.45,55.2,55.71,55.72,55.45,54.65,55.21,55.72,56.08,55.33,55.59,55.2
106,2017-01-30,56.81,85.4,72.54,55.48,55.56,55.48,55.23,55.74,55.74,55.48,55.56,55.24,55.75,56.09,55.49,55.6,55.02
107,2017-02-06,56.7,85.34,71.09,56.77,58.11,56.8,56.53,57.02,57.05,56.8,57.45,56.57,57.06,57.42,56.8,56.88,57.24
108,2017-02-13,55.81,85.28,72.25,56.66,56.6,56.66,56.43,56.91,56.91,56.66,57.34,56.43,56.91,57.27,56.76,56.84,57.17
109,2017-02-20,55.99,85.23,70.33,55.77,54.93,55.76,55.53,56.02,56.01,55.75,55.34,55.52,56.01,56.31,55.75,55.9,55.92
110,2017-02-27,55.9,85.17,72.17,55.95,56.18,55.96,55.71,56.2,56.21,55.96,55.62,55.72,56.21,56.48,55.89,56.0,55.68
111,2017-03-06,51.37,85.11,70.36,55.86,55.82,55.86,55.62,56.11,56.12,55.86,55.96,55.63,56.12,56.37,55.88,55.91,55.66
112,2017-03-13,51.76,85.04,67.83,51.32,46.84,51.24,51.07,51.61,51.51,51.23,49.17,50.97,51.5,51.58,51.23,51.34,50.01
113,2017-03-20,50.8,84.97,70.4,51.71,52.16,51.72,51.45,51.99,52.01,51.72,49.56,51.47,52.01,52.02,51.39,51.41,50.16
114,2017-03-27,52.83,84.91,67.13,50.75,49.85,50.73,50.49,51.04,51.02,50.73,50.56,50.47,51.02,51.03,50.77,50.54,49.2
115,2017-04-03,55.24,84.84,71.87,52.79,54.87,52.82,52.53,53.06,53.11,52.83,53.3,52.58,53.12,53.2,52.76,52.56,53.23
116,2017-04-10,55.89,84.78,69.7,55.2,57.66,55.25,54.96,55.45,55.51,55.25,57.47,55.02,55.52,55.75,55.4,55.18,56.44
117,2017-04-17,51.96,84.73,72.2,55.85,56.55,55.86,55.62,56.1,56.12,55.87,57.48,55.64,56.12,56.42,56.05,56.01,57.66
118,2017-04-24,51.73,84.66,66.3,51.91,48.03,51.84,51.67,52.19,52.11,51.83,50.44,51.59,52.1,52.25,51.89,52.07,51.77
119,2017-05-01,49.1,84.6,71.38,51.68,51.51,51.68,51.43,51.96,51.96,51.68,49.56,51.43,51.96,52.03,51.4,51.54,50.4
120,2017-05-08,50.84,84.53,64.31,49.05,46.47,49.0,48.79,49.34,49.29,48.99,47.73,48.74,49.28,49.27,48.98,48.91,46.95
121,2017-05-15,53.61,84.46,72.24,50.79,52.59,50.83,50.53,51.07,51.12,50.83,50.29,50.58,51.13,51.14,50.64,50.51,50.32
122,2017-05-22,52.15,84.4,67.49,53.57,56.39,53.62,53.32,53.83,53.9,53.63,55.86,53.39,53.91,54.08,53.75,53.48,54.29
123,2017-05-29,49.95,84.34,70.41,52.11,50.7,52.08,51.86,52.38,52.35,52.08,52.92,51.84,52.35,52.53,52.28,52.23,53.31
124,2017-06-05,48.15,84.27,65.69,49.9,47.75,49.86,49.65,50.19,50.14,49.85,48.14,49.61,50.14,50.22,49.76,49.89,49.62
125,2017-06-12,47.37,84.2,68.27,48.1,46.36,48.06,47.83,48.39,48.36,48.06,46.14,47.8,48.36,48.34,47.91,47.93,46.31
126,2017-06-19,45.54,84.13,65.14,47.32,46.6,47.3,47.05,47.62,47.61,47.3,46.06,47.04,47.6,47.55,47.18,47.06,45.76
127,2017-06-26,47.92,84.05,66.25,45.48,43.71,45.45,45.21,45.79,45.76,45.44,44.26,45.17,45.75,45.66,45.39,45.22,44.11
128,2017-07-03,46.71,83.98,67.33,47.87,50.31,47.92,47.6,48.16,48.22,47.92,48.1,47.66,48.23,48.22,47.79,47.55,47.73
129,2017-07-10,48.91,83.91,65.18,46.66,45.51,46.63,46.39,46.96,46.94,46.63,47.39,46.37,46.93,46.97,46.81,46.57,46.65
130,2017-07-17,48.06,83.85,69.06,48.86,51.12,48.9,48.6,49.15,49.2,48.91,49.33,48.65,49.21,49.31,48.82,48.72,49.9
131,2017-07-24,52.52,83.78,64.69,48.01,47.22,47.99,47.75,48.3,48.29,47.99,48.82,47.74,48.29,48.42,48.16,48.05,48.25
132,2017-07-31,52.42,83.72,72.65,52.48,57.0,52.56,52.24,52.74,52.84,52.57,54.2,52.33,52.85,53.13,52.5,52.47,54.28
133,2017-08-07,52.1,83.66,65.26,52.38,52.33,52.37,52.14,52.64,52.64,52.38,54.74,52.15,52.64,52.99,52.71,52.69,53.82
134,2017-08-14,52.72,83.6,71.63,52.06,51.79,52.05,51.82,52.32,52.32,52.05,51.9,51.82,52.32,52.63,52.05,52.3,53.39
135,2017-08-21,52.41,83.54,66.34,52.68,53.35,52.69,52.45,52.93,52.95,52.69,52.85,52.47,52.95,53.26,52.67,52.85,52.77
136,2017-08-28,52.32,83.48,70.81,52.37,52.11,52.36,52.14,52.62,52.62,52.36,52.6,52.14,52.62,52.91,52.41,52.55,52.46
137,2017-09-04,53.78,83.42,66.6,52.28,52.24,52.28,52.05,52.53,52.54,52.28,52.12,52.05,52.54,52.8,52.26,52.4,52.38
138,2017-09-11,55.62,83.36,71.7,53.74,55.25,53.77,53.52,53.98,54.02,53.77,54.43,53.55,54.03,54.32,53.76,53.84,54.11
139,2017-09-18,56.86,83.31,68.68,55.58,57.47,55.62,55.37,55.81,55.86,55.62,57.27,55.42,55.86,56.23,55.73,55.77,56.72
140,2017-09-25,57.54,83.26,72.51,56.83,58.11,56.85,56.62,57.05,57.08,56.85,58.43,56.66,57.08,57.5,56.99,57.11,58.41
141,2017-10-02,55.62,83.21,69.59,57.51,58.23,57.52,57.31,57.72,57.74,57.52,58.53,57.33,57.74,58.17,57.61,57.83,58.81
142,2017-10-09,57.17,83.16,70.45,55.58,53.7,55.55,55.38,55.81,55.78,55.54,55.07,55.35,55.77,56.1,55.6,55.88,55.69
143,2017-10-16,57.75,83.11,71.02,57.14,58.73,57.17,56.94,57.35,57.39,57.17,56.9,56.98,57.4,57.71,57.03,57.24,57.14
144,2017-10-23,60.44,83.06,70.98,57.72,58.34,57.73,57.53,57.93,57.94,57.73,58.85,57.54,57.95,58.29,57.85,57.92,57.91
145,2017-10-30,62.07,83.02,73.42,60.41,63.14,60.46,60.23,60.6,60.66,60.47,62.03,60.3,60.67,61.09,60.51,60.62,61.99
146,2017-11-06,63.52,82.98,72.65,62.05,63.71,62.08,61.88,62.22,62.26,62.08,64.27,61.92,62.26,62.76,62.28,62.41,63.78
147,2017-11-13,62.72,82.95,74.64,63.5,64.98,63.53,63.34,63.66,63.69,63.53,65.08,63.38,63.7,64.22,63.65,63.91,65.44
148,2017-11-20,63.86,82.91,72.06,62.7,61.93,62.68,62.54,62.86,62.85,62.68,63.11,62.53,62.85,63.31,62.79,63.12,63.55
149,2017-11-27,63.49,82.87,75.41,63.84,65.01,63.86,63.69,64.0,64.02,63.86,63.99,63.72,64.03,64.47,63.8,64.13,64.37
150,2017-12-04,63.4,82.84,71.98,63.47,63.13,63.46,63.32,63.63,63.62,63.46,63.92,63.31,63.62,64.02,63.55,63.78,63.56
151,2017-12-11,63.23,82.8,74.98,63.38,63.32,63.38,63.23,63.54,63.54,63.38,63.17,63.23,63.54,63.89,63.35,63.6,63.6
152,2017-12-18,65.25,82.76,72.06,63.21,63.07,63.21,63.06,63.37,63.37,63.21,63.11,63.06,63.37,63.67,63.2,63.38,63.03
153,2017-12-25,66.6,82.73,76.53,65.23,67.28,65.27,65.09,65.37,65.42,65.28,66.13,65.14,65.43,65.77,65.26,65.36,65.79
154,2018-01-01,67.62,82.7,73.66,66.58,67.96,66.61,66.45,66.71,66.75,66.61,68.32,66.48,66.75,67.15,66.76,66.84,67.74
155,2018-01-08,69.87,82.67,77.17,67.61,68.65,67.63,67.48,67.73,67.75,67.63,68.82,67.5,67.76,68.17,67.73,67.91,69.09
156,2018-01-15,68.61,82.65,76.0,69.86,72.13,69.9,69.74,69.96,70.01,69.91,71.49,69.8,70.02,70.49,69.99,70.18,71.39
157,2018-01-22,70.52,82.63,75.9,68.6,67.36,68.57,68.48,68.71,68.68,68.57,69.21,68.45,68.68,69.1,68.74,69.0,69.41
158,2018-01-29,68.58,82.6,77.71,70.51,72.44,70.55,70.4,70.6,70.65,70.55,70.77,70.45,70.66,71.06,70.45,70.76,71.35
159,2018-02-05,62.79,82.58,74.27,68.57,66.64,68.53,68.45,68.68,68.64,68.53,68.68,68.41,68.63,68.96,68.68,68.89,68.32
160,2018-02-12,64.84,82.54,72.09,62.77,57.0,62.66,62.63,62.93,62.8,62.64,59.02,62.49,62.78,62.84,62.5,62.85,60.88
161,2018-02-19,67.31,82.51,75.91,64.82,66.9,64.86,64.68,64.97,65.02,64.86,62.76,64.73,65.02,65.03,64.43,64.51,62.66
162,2018-02-26,64.37,82.48,74.65,67.3,69.79,67.34,67.17,67.42,67.47,67.35,69.57,67.23,67.48,67.63,67.49,67.2,67.01
163,2018-03-05,65.49,82.45,73.08,64.35,61.43,64.3,64.22,64.5,64.44,64.29,64.28,64.16,64.43,64.52,64.47,64.44,65.06
164,2018-03-12,66.21,82.42,75.5,65.47,66.62,65.49,65.34,65.61,65.64,65.5,64.48,65.36,65.64,65.71,65.29,65.34,65.53
165,2018-03-19,70.45,82.39,73.93,66.19,66.94,66.21,66.06,66.33,66.34,66.21,67.15,66.08,66.35,66.46,66.29,66.17,65.91
166,2018-03-26,70.27,82.37,79.2,70.44,74.71,70.52,70.33,70.53,70.63,70.53,72.86,70.42,70.64,70.91,70.57,70.49,72.39
167,2018-04-02,67.11,82.35,74.21,70.26,70.1,70.26,70.16,70.36,70.35,70.26,72.43,70.15,70.35,70.67,70.56,70.59,72.05
168,2018-04-09,72.58,82.32,75.85,67.1,63.95,67.04,66.98,67.22,67.16,67.03,65.51,66.91,67.15,67.32,67.02,67.33,67.43
169,2018-04-16,74.06,82.3,79.32,72.58,78.07,72.66,72.47,72.65,72.75,72.67,73.53,72.58,72.77,73.06,72.45,72.55,73.02
170,2018-04-23,74.64,82.29,77.49,74.06,75.55,74.08,73.97,74.12,74.14,74.09,77.65,74.0,74.15,74.56,74.46,74.43,75.54
171,2018-04-30,74.87,82.27,79.67,74.64,75.23,74.65,74.56,74.69,74.7,74.65,75.7,74.57,74.71,75.11,74.75,75.04,77.15
172,2018-05-07,77.12,82.26,77.88,74.87,75.11,74.87,74.79,74.92,74.93,74.87,75.29,74.8,74.93,75.3,74.91,75.23,75.64
173,2018-05-14,78.51,82.25,81.55,77.12,79.38,77.16,77.05,77.15,77.2,77.17,78.32,77.1,77.2,77.62,77.18,77.43,78.09
174,2018-05-21,76.44,82.24,79.47,78.52,79.91,78.54,78.45,78.53,78.56,78.54,80.36,78.48,78.56,79.02,78.69,78.92,79.86
175,2018-05-28,77.59,82.23,79.47,76.44,74.37,76.41,76.38,76.48,76.44,76.4,76.19,76.33,76.43,76.78,76.5,76.86,77.06
176,2018-06-04,76.46,82.23,80.51,77.6,78.75,77.61,77.53,77.62,77.64,77.62,77.06,77.55,77.64,77.95,77.47,77.78,77.63
177,2018-06-11,73.44,82.21,78.53,76.46,75.34,76.44,76.39,76.5,76.48,76.44,76.53,76.37,76.47,76.72,76.52,76.69,75.88
178,2018-06-18,75.55,82.2,77.57,73.44,70.42,73.39,73.36,73.5,73.44,73.38,71.41,73.3,73.43,73.52,73.31,73.53,72.47
179,2018-06-25,79.44,82.19,80.35,75.55,77.67,75.59,75.47,75.59,75.64,75.59,74.98,75.52,75.64,75.74,75.38,75.42,74.71
180,2018-07-02,77.11,82.18,81.35,79.45,83.34,79.51,79.39,79.45,79.53,79.52,82.42,79.47,79.54,79.8,79.65,79.5,80.45
181,2018-07-09,75.33,82.17,78.31,77.11,74.78,77.08,77.05,77.14,77.1,77.07,78.04,77.01,77.09,77.31,77.33,77.42,78.53
182,2018-07-16,73.07,82.16,79.45,75.33,73.55,75.3,75.26,75.38,75.34,75.3,73.27,75.22,75.34,75.43,75.15,75.41,75.2
183,2018-07-23,74.29,82.15,76.33,73.07,70.81,73.03,72.98,73.13,73.09,73.02,71.06,72.94,73.08,73.06,72.91,73.0,70.96
184,2018-07-30,73.21,82.13,80.27,74.29,75.52,74.31,74.21,74.34,74.37,74.31,73.7,74.23,74.37,74.35,74.17,74.09,73.26
185,2018-08-06,72.81,82.12,75.68,73.21,72.14,73.19,73.12,73.27,73.25,73.19,73.34,73.1,73.25,73.23,73.27,73.13,72.6
186,2018-08-13,71.83,82.1,79.48,72.81,72.42,72.8,72.72,72.88,72.87,72.8,72.06,72.71,72.87,72.82,72.73,72.67,72.69
187,2018-08-20,75.82,82.08,75.11,71.82,70.86,71.81,71.73,71.9,71.89,71.81,71.16,71.72,71.88,71.81,71.78,71.69,71.04
188,2018-08-27,77.42,82.07,82.72,75.82,79.82,75.88,75.74,75.86,75.94,75.89,77.23,75.82,75.95,76.01,75.83,75.65,76.57
189,2018-09-03,76.83,82.06,77.24,77.42,79.03,77.45,77.36,77.45,77.48,77.45,80.28,77.39,77.49,77.67,77.71,77.56,79.08
190,2018-09-10,78.09,82.05,81.68,76.83,76.25,76.82,76.77,76.86,76.85,76.82,77.39,76.76,76.85,77.02,76.92,77.05,78.54
191,2018-09-17,78.8,82.05,78.77,78.1,79.36,78.12,78.03,78.11,78.14,78.12,78.39,78.06,78.14,78.33,78.08,78.23,78.79
192,2018-09-24,82.72,82.04,82.07,78.81,79.52,78.82,78.75,78.82,78.83,78.82,79.81,78.77,78.83,79.04,78.9,79.0,79.3
193,2018-10-01,84.16,82.04,82.64,82.73,86.65,82.8,82.69,82.71,82.78,82.81,84.98,82.77,82.8,83.12,82.85,82.95,84.61
194,2018-10-08,80.43,82.05,83.43,84.18,85.61,84.2,84.15,84.13,84.16,84.2,86.91,84.18,84.17,84.58,84.45,84.62,86.29
195,2018-10-15,79.78,82.04,79.31,80.44,76.7,80.38,80.4,80.43,80.36,80.37,79.4,80.32,80.35,80.6,80.46,80.87,81.09
196,2018-10-22,77.62,82.04,82.47,79.79,79.14,79.78,79.74,79.79,79.78,79.78,77.53,79.73,79.77,79.9,79.55,79.88,78.68
197,2018-10-29,72.83,82.03,77.62,77.62,75.46,77.59,77.57,77.65,77.6,77.58,76.25,77.52,77.6,77.62,77.54,77.65,75.5
198,2018-11-05,70.18,82.02,77.66,72.83,68.04,72.74,72.75,72.9,72.79,72.73,69.41,72.64,72.78,72.61,72.59,72.67,70.34
199,2018-11-12,66.76,82.0,75.19,70.17,67.53,70.12,70.08,70.27,70.21,70.11,66.41,70.02,70.2,69.87,69.81,69.72,66.9
200,2018-11-19,58.8,81.97,74.3,66.75,63.34,66.67,66.64,66.87,66.79,66.66,63.74,66.55,66.78,66.34,66.49,66.18,63.17
201,2018-11-26,58.71,81.93,67.82,58.77,50.83,58.58,58.63,58.97,58.76,58.55,53.19,58.4,58.72,58.03,58.33,57.99,54.22
202,2018-12-03,61.67,81.89,73.6,58.68,58.63,58.69,58.53,58.88,58.89,58.68,54.51,58.53,58.89,58.09,58.13,57.56,54.64
203,2018-12-10,60.28,81.86,70.99,61.65,64.64,61.72,61.5,61.82,61.91,61.73,63.06,61.6,61.92,61.35,61.72,60.83,59.96
204,2018-12-17,53.82,81.82,72.07,60.26,58.9,60.22,60.11,60.44,60.4,60.22,61.16,60.08,60.4,59.97,60.41,59.77,60.9
205,2018-12-24,52.2,81.78,65.15,53.78,47.36,53.62,53.62,54.02,53.84,53.6,49.97,53.43,53.82,53.25,53.53,53.23,52.27
206,2018-12-31,57.06,81.73,69.93,52.16,50.58,52.12,51.98,52.41,52.38,52.11,48.07,51.94,52.37,51.67,51.72,51.3,48.91
207,2019-01-07,60.48,81.68,69.96,57.03,61.94,57.16,56.86,57.24,57.39,57.17,58.6,57.01,57.41,56.93,57.07,56.34,55.89
208,2019-01-14,62.7,81.65,73.01,60.46,63.91,60.55,60.31,60.64,60.75,60.56,64.66,60.43,60.77,60.6,60.83,60.26,62.79
209,2019-01-21,61.64,81.62,72.22,62.68,64.93,62.74,62.55,62.84,62.92,62.75,65.55,62.63,62.93,62.96,62.95,62.76,66.22
210,2019-01-28,61.87,81.58,71.94,61.62,60.59,61.59,61.48,61.79,61.76,61.58,62.27,61.46,61.76,61.84,61.71,61.78,63.21
211,2019-02-04,62.1,81.55,72.37,61.85,62.11,61.86,61.71,62.02,62.03,61.86,61.45,61.73,62.03,62.09,61.8,61.92,62.3
212,2019-02-11,66.25,81.52,72.16,62.08,62.34,62.09,61.95,62.25,62.26,62.09,62.34,61.96,62.26,62.33,62.1,62.16,61.92
213,2019-02-18,67.12,81.49,76.11,66.24,70.41,66.36,66.12,66.37,66.5,66.37,68.41,66.26,66.52,66.7,66.38,66.38,67.75
214,2019-02-25,66.01,81.47,73.28,67.11,68.0,67.13,67.0,67.23,67.26,67.14,69.68,67.03,67.27,67.58,67.37,67.46,68.96
215,2019-03-04,65.74,81.44,74.82,66.0,64.91,65.96,65.89,66.13,66.09,65.96,65.92,65.85,66.09,66.37,66.01,66.3,67.32
216,2019-03-11,67.16,81.42,73.14,65.73,65.48,65.72,65.61,65.86,65.86,65.72,65.05,65.61,65.85,66.06,65.66,65.9,65.55
217,2019-03-18,67.03,81.39,75.94,67.15,68.59,67.19,67.04,67.27,67.32,67.19,67.72,67.09,67.32,67.53,67.18,67.3,67.17
218,2019-03-25,68.39,81.37,73.25,67.02,66.91,67.01,66.91,67.14,67.14,67.01,67.7,66.91,67.14,67.37,67.09,67.21,67.41
219,2019-04-01,70.34,81.35,76.92,68.38,69.76,68.42,68.28,68.49,68.54,68.42,69.0,68.33,68.54,68.77,68.41,68.55,69.25
220,2019-04-08,71.55,81.33,75.33,70.33,72.3,70.39,70.24,70.42,70.49,70.4,72.0,70.31,70.5,70.79,70.47,70.58,71.42
221,2019-04-15,71.97,81.31,77.87,71.54,72.77,71.58,71.46,71.62,71.66,71.58,73.15,71.51,71.67,72.02,71.69,71.86,73.08
222,2019-04-22,72.15,81.3,75.92,71.97,72.4,71.98,71.89,72.04,72.05,71.98,72.8,71.9,72.06,72.41,72.05,72.29,73.18
223,2019-04-29,70.85,81.28,77.85,72.15,72.34,72.15,72.07,72.22,72.23,72.15,72.46,72.08,72.23,72.55,72.17,72.43,72.76
224,2019-05-06,70.62,81.27,74.89,70.84,69.56,70.8,70.76,70.93,70.89,70.8,70.31,70.72,70.88,71.14,70.81,71.05,70.64
225,2019-05-13,72.21,81.25,77.36,70.61,70.4,70.61,70.53,70.7,70.7,70.61,69.85,70.52,70.69,70.87,70.53,70.71,70.15
226,2019-05-20,68.69,81.24,76.54,72.21,73.81,72.25,72.13,72.28,72.33,72.26,72.88,72.19,72.34,72.53,72.24,72.3,72.23
227,2019-05-27,64.49,81.22,74.06,68.68,65.17,68.58,68.59,68.78,68.67,68.57,67.79,68.48,68.66,68.8,68.66,68.78,68.05
228,2019-06-03,63.29,81.19,72.47,64.47,60.29,64.35,64.37,64.62,64.48,64.33,60.63,64.22,64.46,64.39,64.14,64.28,62.41
229,2019-06-10,62.01,81.16,72.79,63.27,62.1,63.24,63.15,63.43,63.39,63.23,60.56,63.12,63.39,63.17,63.0,62.88,60.28
230,2019-06-17,65.2,81.13,71.3,61.99,60.73,61.95,61.87,62.16,62.12,61.94,60.77,61.83,62.11,61.88,61.88,61.59,59.81
231,2019-06-24,66.55,81.1,75.54,65.18,68.4,65.29,65.07,65.32,65.44,65.3,66.12,65.19,65.45,65.29,65.22,64.88,65.4
232,2019-07-01,64.23,81.08,72.88,66.54,67.91,66.58,66.43,66.66,66.71,66.58,68.85,66.49,66.72,66.72,66.76,66.48,67.71
233,2019-07-08,66.72,81.05,73.17,64.21,61.91,64.14,64.1,64.36,64.28,64.13,63.79,64.03,64.27,64.29,64.21,64.19,64.99
234,2019-07-15,62.47,81.03,75.15,66.71,69.22,66.79,66.6,66.83,66.92,66.79,66.76,66.7,66.93,66.93,66.66,66.62,67.16
235,2019-07-22,63.46,81.0,69.44,62.45,58.22,62.32,62.34,62.61,62.48,62.31,61.67,62.2,62.46,62.46,62.46,62.44,61.23
236,2019-07-29,61.89,80.97,75.52,63.44,64.46,63.47,63.33,63.59,63.63,63.47,61.77,63.36,63.63,63.54,63.23,63.23,63.08
237,2019-08-05,58.53,80.94,68.51,61.87,60.32,61.82,61.75,62.04,61.99,61.82,61.64,61.7,61.99,61.91,61.88,61.73,60.37
238,2019-08-12,58.64,80.9,71.8,58.5,55.17,58.41,58.37,58.7,58.6,58.4,56.09,58.27,58.58,58.41,58.31,58.25,57.22
239,2019-08-19,59.34,80.87,68.86,58.61,58.76,58.62,58.48,58.81,58.82,58.62,56.97,58.49,58.82,58.59,58.43,58.24,56.98
240,2019-08-26,60.43,80.84,72.15,59.32,60.05,59.34,59.18,59.5,59.53,59.34,59.75,59.21,59.53,59.37,59.34,59.04,58.52
241,2019-09-02,61.54,80.8,70.11,60.41,61.53,60.44,60.28,60.58,60.62,60.44,61.33,60.32,60.63,60.55,60.48,60.25,61.07
242,2019-09-09,60.22,80.77,72.95,61.52,62.66,61.55,61.4,61.69,61.73,61.56,62.65,61.44,61.73,61.74,61.62,61.47,62.52
243,2019-09-16,64.28,80.74,69.12,60.2,58.9,60.16,60.07,60.38,60.34,60.16,60.15,60.03,60.33,60.36,60.22,60.2,60.55
244,2019-09-23,61.91,80.71,76.3,64.26,68.35,64.38,64.15,64.41,64.54,64.39,65.59,64.29,64.56,64.64,64.31,64.26,65.48
245,2019-09-30,58.37,80.68,67.56,61.89,59.54,61.82,61.78,62.05,61.98,61.82,62.85,61.71,61.98,62.13,62.06,62.07,62.18
246,2019-10-07,60.51,80.65,72.27,58.34,54.83,58.25,58.22,58.54,58.44,58.23,55.43,58.11,58.42,58.41,58.11,58.3,57.72
247,2019-10-14,59.42,80.62,69.89,60.49,62.66,60.55,60.36,60.66,60.74,60.55,59.75,60.43,60.74,60.7,60.36,60.3,59.17
248,2019-10-21,62.02,80.58,71.03,59.4,58.34,59.37,59.27,59.58,59.55,59.36,59.99,59.24,59.55,59.56,59.48,59.35,58.67
249,2019-10-28,60.21,80.55,72.34,62.0,64.63,62.07,61.88,62.16,62.24,62.08,62.74,61.96,62.25,62.31,62.01,61.94,63.17
250,2019-11-04,62.51,80.52,69.46,60.19,58.4,60.14,60.07,60.36,60.31,60.14,60.67,60.02,60.31,60.4,60.29,60.26,60.21
251,2019-11-11,63.3,80.49,74.15,62.49,64.82,62.55,62.38,62.65,62.72,62.56,62.7,62.45,62.73,62.82,62.45,62.48,63.45
252,2019-11-18,63.39,80.47,70.57,63.28,64.1,63.3,63.17,63.43,63.46,63.3,64.88,63.2,63.46,63.64,63.43,63.41,63.79
253,2019-11-25,62.43,80.44,73.89,63.37,63.49,63.37,63.27,63.52,63.53,63.38,63.85,63.27,63.53,63.72,63.42,63.52,64.46
254,2019-12-02,64.39,80.41,69.95,62.41,61.48,62.39,62.3,62.57,62.54,62.38,62.02,62.28,62.54,62.69,62.39,62.52,62.42
255,2019-12-09,65.22,80.39,75.31,64.37,66.36,64.42,64.27,64.51,64.57,64.43,64.86,64.33,64.58,64.74,64.37,64.44,64.71
256,2019-12-16,66.14,80.37,71.16,65.21,66.06,65.23,65.11,65.34,65.36,65.23,66.64,65.13,65.37,65.59,65.34,65.38,65.88
257,2019-12-23,68.16,80.34,75.77,66.13,67.07,66.15,66.03,66.25,66.28,66.15,67.02,66.06,66.28,66.53,66.2,66.32,67.38
258,2019-12-30,68.6,80.32,73.38,68.15,70.19,68.2,68.06,68.25,68.31,68.21,69.62,68.13,68.32,68.62,68.26,68.38,69.41
259,2020-01-06,64.98,80.31,75.94,68.59,69.05,68.6,68.51,68.69,68.7,68.6,69.86,68.53,68.71,69.04,68.72,68.89,69.77
260,2020-01-13,64.85,80.28,70.28,64.96,61.36,64.87,64.87,65.1,65.0,64.86,63.45,64.77,64.98,65.19,64.89,65.18,64.65
261,2020-01-20,60.69,80.26,75.31,64.83,64.73,64.83,64.74,64.97,64.97,64.83,62.93,64.74,64.97,65.05,64.63,64.8,63.67
262,2020-01-27,58.16,80.23,66.89,60.67,56.53,60.56,60.56,60.84,60.72,60.55,58.6,60.44,60.71,60.69,60.55,60.58,58.14
263,2020-02-03,54.47,80.19,72.23,58.13,55.63,58.07,58.01,58.33,58.26,58.06,54.79,57.94,58.25,58.06,57.82,57.8,55.83
264,2020-02-10,57.32,80.16,63.95,54.44,50.78,54.34,54.3,54.66,54.56,54.33,51.38,54.19,54.54,54.24,54.18,53.97,51.04
265,2020-02-17,58.5,80.12,74.07,57.29,60.18,57.37,57.16,57.49,57.59,57.38,56.81,57.25,57.6,57.32,57.16,56.78,56.09
266,2020-02-24,50.52,80.09,65.88,58.48,59.69,58.51,58.35,58.66,58.7,58.51,60.55,58.39,58.71,58.6,58.68,58.25,58.71
267,2020-03-02,45.27,80.04,66.03,50.48,42.53,50.28,50.33,50.74,50.51,50.26,47.24,50.1,50.49,50.24,50.33,50.25,49.34
268,2020-03-09,33.85,79.99,61.05,45.23,40.02,45.07,45.05,45.52,45.36,45.05,38.62,44.87,45.33,44.8,44.63,44.5,41.14
269,2020-03-16,26.98,79.92,55.1,33.79,22.42,33.37,33.57,34.15,33.71,33.31,25.58,33.09,33.64,32.79,32.99,32.6,25.71
270,2020-03-23,24.93,79.84,54.16,26.91,20.11,26.62,25.45,27.29,27.01,26.55,17.76,26.31,26.93,25.66,25.78,25.13,18.98
271,2020-03-30,34.11,79.76,53.07,24.85,22.88,24.77,23.32,25.25,25.18,24.75,20.41,24.49,25.16,23.78,24.27,23.08,18.14
272,2020-04-06,31.48,79.69,62.37,34.05,43.31,34.47,33.8,34.41,34.89,34.52,37.62,34.29,34.95,33.91,34.37,33.09,34.33
273,2020-04-13,28.08,79.61,51.38,31.41,28.85,31.29,31.18,31.79,31.66,31.29,34.9,31.07,31.67,31.24,31.88,30.89,33.24
274,2020-04-20,21.44,79.54,58.23,28.01,24.68,27.87,27.76,28.39,28.26,27.85,25.07,27.61,28.24,27.75,27.71,27.37,28.94
275,2020-04-27,25.29,79.45,45.8,21.36,14.8,21.06,20.39,21.76,21.47,21.02,16.43,20.76,21.42,20.82,20.84,20.47,17.17
276,2020-05-04,30.97,79.37,60.61,25.22,29.15,25.39,24.94,25.61,25.82,25.4,23.83,25.14,25.83,25.13,25.01,24.42,23.18
277,2020-05-11,32.5,79.29,52.18,30.9,36.67,31.16,30.66,31.27,31.57,31.19,35.75,30.96,31.61,31.29,31.39,30.66,32.23
278,2020-05-18,35.13,79.22,61.23,32.44,34.04,32.5,32.2,32.8,32.88,32.52,36.13,32.3,32.91,32.95,32.82,32.49,36.21
279,2020-05-25,35.33,79.16,55.28,35.07,37.77,35.19,34.85,35.42,35.57,35.21,37.22,35.0,35.59,35.76,35.29,35.28,38.33
280,2020-06-01,42.3,79.09,60.84,35.27,35.54,35.28,35.05,35.62,35.64,35.28,36.76,35.08,35.65,35.95,35.43,35.53,36.8
281,2020-06-08,38.73,79.04,62.06,42.25,49.29,42.58,42.06,42.56,42.93,42.62,45.88,42.44,42.97,43.34,42.61,42.75,45.58
282,2020-06-15,42.19,78.98,57.62,38.68,35.16,38.51,38.48,39.0,38.84,38.5,40.51,38.32,38.83,39.44,38.92,39.16,40.06
283,2020-06-22,41.02,78.92,64.79,42.14,45.66,42.3,41.95,42.45,42.63,42.31,42.09,42.13,42.64,43.07,42.08,42.52,44.24
284,2020-06-29,43.14,78.87,57.09,40.97,39.85,40.92,40.78,41.28,41.24,40.92,42.21,40.74,41.24,41.75,41.13,41.36,40.78
285,2020-07-06,43.24,78.81,66.03,43.09,45.27,43.18,42.91,43.39,43.5,43.19,43.6,43.02,43.51,43.95,43.12,43.42,44.5
286,2020-07-13,43.14,78.76,57.88,43.19,43.35,43.2,43.02,43.49,43.5,43.2,44.38,43.03,43.51,43.99,43.33,43.54,43.69
287,2020-07-20,43.34,78.71,65.21,43.09,43.05,43.09,42.92,43.39,43.4,43.09,43.15,42.92,43.4,43.83,43.1,43.37,43.79
288,2020-07-27,43.3,78.66,58.62,43.29,43.55,43.3,43.12,43.59,43.61,43.3,43.39,43.14,43.61,44.0,43.3,43.51,43.41
289,2020-08-03,44.4,78.6,64.57,43.25,43.27,43.25,43.08,43.55,43.56,43.25,43.39,43.09,43.56,43.91,43.27,43.43,43.33
290,2020-08-10,44.8,78.55,60.07,44.36,45.51,44.4,44.18,44.64,44.7,44.41,44.93,44.25,44.71,45.04,44.4,44.53,44.82
291,2020-08-17,44.35,78.5,64.51,44.76,45.21,44.77,44.59,45.04,45.07,44.78,45.56,44.62,45.07,45.43,44.85,44.95,45.33
292,2020-08-24,45.05,78.45,59.97,44.31,43.91,44.29,44.14,44.59,44.58,44.29,44.34,44.13,44.58,44.91,44.31,44.46,44.68
293,2020-08-31,42.66,78.41,64.73,45.01,45.76,45.04,44.84,45.28,45.33,45.04,45.17,44.88,45.33,45.62,45.01,45.14,45.25
294,2020-09-07,39.83,78.35,58.12,42.61,40.27,42.52,42.44,42.91,42.81,42.51,41.85,42.34,42.8,43.07,42.56,42.67,41.98
295,2020-09-14,43.15,78.3,61.53,39.78,37.0,39.67,39.6,40.09,39.98,39.65,37.22,39.47,39.96,40.07,39.51,39.64,38.23
296,2020-09-21,41.92,78.25,61.39,43.1,46.48,43.24,42.93,43.39,43.56,43.26,43.35,43.09,43.57,43.62,43.08,42.99,42.53
297,2020-09-28,39.27,78.19,60.34,41.87,40.69,41.82,41.7,42.17,42.12,41.82,43.01,41.65,42.12,42.3,42.03,41.88,41.84
298,2020-10-05,42.85,78.14,58.81,39.22,36.62,39.12,39.04,39.53,39.43,39.1,37.34,38.93,39.42,39.51,39.04,39.1,38.96
299,2020-10-12,42.93,78.08,63.45,42.8,46.44,42.95,42.63,43.09,43.26,42.96,43.27,42.8,43.28,43.33,42.8,42.72,42.73
300,2020-10-19,41.77,78.03,59.21,42.88,43.02,42.88,42.72,43.17,43.18,42.89,44.8,42.73,43.19,43.4,43.1,42.97,43.43
301,2020-10-26,37.46,77.98,61.98,41.72,40.61,41.68,41.55,42.02,41.98,41.67,41.24,41.51,41.98,42.16,41.68,41.76,42.52
302,2020-11-02,39.45,77.92,55.42,37.41,33.15,37.24,37.22,37.73,37.56,37.22,34.75,37.04,37.53,37.61,37.16,37.26,35.62
303,2020-11-09,42.78,77.87,63.22,39.4,41.45,39.48,39.21,39.71,39.81,39.49,38.24,39.31,39.82,39.76,39.23,39.18,38.22
304,2020-11-16,44.96,77.82,59.06,42.73,46.12,42.86,42.56,43.02,43.17,42.88,45.44,42.72,43.2,43.3,42.99,42.75,43.29
305,2020-11-23,48.18,77.77,64.83,44.92,47.15,45.0,44.76,45.19,45.29,45.02,47.73,44.87,45.31,45.58,45.2,45.13,47.5
306,2020-11-30,49.25,77.73,62.44,48.14,51.41,48.27,48.0,48.39,48.54,48.29,50.89,48.16,48.56,48.94,48.41,48.5,51.08
307,2020-12-07,49.97,77.68,65.58,49.21,50.33,49.25,49.08,49.45,49.5,49.26,51.42,49.14,49.52,50.0,49.45,49.65,51.44
308,2020-12-14,52.26,77.65,63.32,49.93,50.7,49.96,49.8,50.17,50.21,49.97,50.88,49.84,50.22,50.69,50.03,50.34,51.59
309,2020-12-21,51.29,77.61,67.46,52.23,54.56,52.32,52.1,52.44,52.55,52.34,53.76,52.22,52.57,53.05,52.37,52.65,53.63
310,2020-12-28,51.34,77.57,62.73,51.26,50.32,51.21,51.13,51.48,51.44,51.21,51.98,51.09,51.44,51.94,51.35,51.64,52.01
311,2021-01-04,55.99,77.53,67.08,51.31,51.4,51.31,51.18,51.53,51.54,51.31,50.88,51.19,51.54,51.93,51.25,51.57,51.72
312,2021-01-11,55.1,77.5,67.32,55.96,60.65,56.16,55.85,56.15,56.36,56.18,58.32,56.08,56.39,56.8,56.17,56.33,57.29
313,2021-01-18,55.41,77.47,66.25,55.07,54.21,55.03,54.97,55.26,55.22,55.03,57.03,54.93,55.23,55.77,55.31,55.51,56.48
314,2021-01-25,55.88,77.44,67.48,55.38,55.73,55.4,55.28,55.57,55.59,55.4,55.12,55.3,55.6,56.03,55.35,55.7,56.64
315,2021-02-01,59.34,77.41,66.76,55.85,56.36,55.87,55.75,56.04,56.07,55.88,56.28,55.78,56.07,56.46,55.89,56.13,55.88
316,2021-02-08,62.43,77.38,70.58,59.32,62.81,59.46,59.22,59.47,59.63,59.48,61.3,59.39,59.65,60.06,59.5,59.66,60.78
317,2021-02-15,62.91,77.36,69.89,62.41,65.53,62.54,62.33,62.54,62.68,62.56,65.72,62.49,62.71,63.24,62.75,62.92,64.86
318,2021-02-22,66.13,77.34,70.94,62.89,63.4,62.91,62.82,63.02,63.04,62.92,64.72,62.85,63.05,63.65,63.1,63.43,65.25
319,2021-03-01,69.36,77.33,72.91,66.12,69.36,66.25,66.05,66.21,66.36,66.27,67.97,66.22,66.39,66.96,66.29,66.67,68.35
320,2021-03-08,69.22,77.31,74.05,69.35,72.6,69.49,69.3,69.42,69.57,69.51,72.6,69.47,69.59,70.26,69.69,70.02,71.75
321,2021-03-15,64.53,77.3,72.87,69.21,69.09,69.2,69.17,69.28,69.27,69.21,70.8,69.16,69.28,69.98,69.4,69.85,71.32
322,2021-03-22,64.57,77.29,69.63,64.52,59.84,64.31,64.46,64.63,64.41,64.29,62.14,64.23,64.38,64.91,64.29,64.84,63.89
323,2021-03-29,64.86,77.27,72.62,64.56,64.62,64.57,64.49,64.67,64.68,64.56,62.22,64.5,64.67,64.92,64.29,64.64,62.89
324,2021-04-05,62.95,77.25,70.12,64.85,65.16,64.86,64.78,64.95,64.97,64.86,65.03,64.8,64.97,65.19,64.86,64.92,63.53
325,2021-04-12,66.77,77.23,70.64,62.93,61.04,62.85,62.87,63.06,62.97,62.84,62.15,62.77,62.96,63.14,62.86,62.94,62.42
326,2021-04-19,66.11,77.22,73.66,66.76,70.6,66.93,66.7,66.85,67.03,66.94,67.7,66.89,67.05,67.17,66.82,66.82,67.48
327,2021-04-26,67.25,77.2,70.27,66.1,65.46,66.06,66.04,66.19,66.16,66.07,67.73,66.01,66.16,66.43,66.29,66.27,66.65
328,2021-05-03,68.28,77.19,74.42,67.24,68.4,67.29,67.19,67.33,67.38,67.29,67.49,67.25,67.39,67.6,67.25,67.39,68.59
329,2021-05-10,68.71,77.17,71.54,68.27,69.32,68.31,68.22,68.35,68.39,68.32,69.37,68.28,68.4,68.65,68.38,68.46,68.83
330,2021-05-17,66.44,77.16,74.57,68.7,69.15,68.72,68.66,68.77,68.79,68.72,69.45,68.68,68.8,69.06,68.78,68.91,69.58
331,2021-05-24,69.63,77.15,69.69,66.43,64.17,66.33,66.38,66.52,66.42,66.32,65.54,66.27,66.41,66.63,66.35,66.53,66.15
332,2021-05-31,71.89,77.14,77.09,69.62,72.83,69.76,69.58,69.69,69.84,69.77,70.06,69.73,69.85,69.98,69.63,69.72,70.04
333,2021-06-07,72.69,77.13,72.36,71.89,74.16,71.98,71.85,71.93,72.03,71.99,74.63,71.96,72.05,72.32,72.17,72.16,73.08
334,2021-06-14,73.51,77.12,77.43,72.69,73.5,72.72,72.66,72.72,72.76,72.72,74.24,72.7,72.77,73.1,72.85,73.01,74.76
335,2021-06-21,76.18,77.12,73.52,73.51,74.34,73.54,73.48,73.54,73.57,73.55,74.33,73.52,73.58,73.91,73.59,73.82,74.78
336,2021-06-28,76.17,77.12,79.57,76.18,78.86,76.29,76.16,76.18,76.31,76.31,77.92,76.3,76.32,76.67,76.35,76.55,77.63
337,2021-07-05,75.55,77.12,74.0,76.17,76.17,76.17,76.16,76.17,76.17,76.17,77.52,76.16,76.18,76.58,76.33,76.56,77.37
338,2021-07-12,73.59,77.11,78.54,75.55,74.94,75.52,75.54,75.56,75.53,75.52,75.24,75.51,75.53,75.86,75.52,75.83,76.17
339,2021-07-19,74.1,77.11,72.57,73.59,71.63,73.51,73.57,73.62,73.53,73.49,72.31,73.47,73.52,73.75,73.46,73.72,72.71
340,2021-07-26,76.33,77.1,78.52,74.1,74.62,74.12,74.08,74.12,74.15,74.12,73.37,74.1,74.15,74.27,74.01,74.14,73.39
341,2021-08-02,70.7,77.1,75.1,76.33,78.57,76.43,76.32,76.33,76.44,76.44,77.7,76.43,76.45,76.59,76.46,76.46,76.66
342,2021-08-09,70.59,77.09,73.06,70.69,65.07,70.46,70.67,70.75,70.49,70.43,69.05,70.4,70.47,70.62,70.58,70.7,69.75
343,2021-08-16,65.18,77.09,74.82,70.58,70.49,70.59,70.55,70.64,70.65,70.58,67.68,70.55,70.64,70.53,70.26,70.37,69.27
344,2021-08-23,72.7,77.07,68.22,65.17,59.77,64.94,65.12,65.27,65.03,64.92,62.46,64.86,65.0,64.85,64.93,64.82,61.58
345,2021-08-30,72.61,77.06,81.19,72.7,80.24,72.98,72.66,72.73,73.04,73.0,73.62,72.98,73.07,72.85,72.66,72.42,73.23
346,2021-09-06,72.92,77.06,69.18,72.61,72.53,72.59,72.58,72.64,72.63,72.6,76.43,72.58,72.64,72.74,73.06,72.71,73.64
347,2021-09-13,75.34,77.05,80.49,72.92,73.24,72.93,72.89,72.95,72.96,72.93,73.03,72.91,72.97,73.05,72.92,73.0,75.32
348,2021-09-20,78.09,77.05,72.33,75.34,77.77,75.43,75.32,75.35,75.45,75.44,76.69,75.42,75.46,75.58,75.45,75.48,76.24
349,2021-09-27,79.28,77.05,82.35,78.09,80.85,78.19,78.09,78.08,78.19,78.21,80.68,78.2,78.2,78.44,78.35,78.39,79.98
350,2021-10-04,82.39,77.05,74.24,79.29,80.48,79.33,79.28,79.26,79.3,79.34,81.28,79.34,79.31,79.63,79.5,79.66,81.42
351,2021-10-11,84.86,77.06,84.55,82.4,85.51,82.52,82.41,82.34,82.47,82.53,84.53,82.54,82.49,82.85,82.6,82.83,84.71
352,2021-10-18,85.53,77.07,77.36,84.87,87.34,84.96,84.89,84.8,84.89,84.98,87.67,85.0,84.91,85.37,85.16,85.42,87.18
353,2021-10-25,84.38,77.08,84.58,85.54,86.21,85.57,85.57,85.46,85.48,85.57,87.13,85.6,85.49,85.97,85.72,86.09,87.61
354,2021-11-01,82.74,77.09,76.91,84.39,83.23,84.35,84.41,84.32,84.27,84.34,84.16,84.36,84.26,84.67,84.39,84.81,85.0
355,2021-11-08,82.17,77.1,82.46,82.75,81.1,82.69,82.77,82.69,82.62,82.68,81.35,82.69,82.61,82.88,82.61,82.98,81.99
356,2021-11-15,78.89,77.11,76.85,82.18,81.61,82.16,82.19,82.13,82.1,82.15,81.06,82.17,82.1,82.25,82.05,82.27,81.04
357,2021-11-22,72.72,77.11,78.99,78.9,75.61,78.77,78.9,78.87,78.74,78.75,76.99,78.75,78.72,78.77,78.72,78.84,77.09
358,2021-11-29,69.88,77.1,71.36,72.72,66.55,72.47,72.7,72.75,72.49,72.43,68.02,72.4,72.44,72.28,72.24,72.34,69.3
359,2021-12-06,75.15,77.09,75.74,69.87,67.04,69.76,69.84,69.94,69.82,69.74,65.34,69.7,69.79,69.36,69.35,69.23,65.7
360,2021-12-13,73.52,77.09,76.55,75.15,80.43,75.37,75.13,75.16,75.4,75.39,76.32,75.38,75.43,75.02,75.21,74.74,74.01
361,2021-12-20,76.85,77.09,74.31,73.52,71.89,73.44,73.5,73.55,73.47,73.44,75.41,73.42,73.47,73.33,73.76,73.35,73.98
362,2021-12-27,79.2,77.09,79.42,76.85,80.19,76.99,76.84,76.85,77.0,77.0,77.66,76.99,77.01,76.87,76.89,76.76,79.01
363,2022-01-03,81.75,77.09,76.89,79.21,81.56,79.29,79.2,79.18,79.28,79.31,82.06,79.31,79.3,79.34,79.51,79.34,80.69
364,2022-01-10,86.06,77.1,81.56,81.76,84.31,81.86,81.77,81.71,81.82,81.88,84.21,81.89,81.84,82.0,82.01,82.03,84.48
365,2022-01-17,87.89,77.11,81.24,86.08,90.38,86.25,86.1,85.98,86.17,86.28,89.49,86.31,86.2,86.49,86.43,86.53,89.15
366,2022-01-24,90.03,77.12,83.23,87.91,89.73,87.98,87.94,87.8,87.87,87.99,90.99,88.03,87.89,88.33,88.26,88.48,90.84
367,2022-01-31,93.27,77.14,83.39,90.05,92.18,90.14,90.09,89.92,90.02,90.15,92.02,90.19,90.03,90.49,90.26,90.64,92.74
368,2022-02-07,94.44,77.16,86.24,93.29,96.52,93.43,93.34,93.14,93.28,93.45,95.96,93.51,93.31,93.81,93.58,93.95,95.69
369,2022-02-14,93.54,77.18,84.72,94.47,95.62,94.51,94.52,94.3,94.34,94.52,96.67,94.58,94.36,94.92,94.73,95.13,96.66
370,2022-02-21,97.93,77.2,85.31,93.56,92.64,93.52,93.62,93.41,93.36,93.52,93.7,93.57,93.35,93.85,93.6,94.08,94.66
371,2022-02-28,118.11,77.23,88.82,97.96,102.33,98.15,98.03,97.77,97.97,98.17,99.64,98.24,97.99,98.4,98.1,98.48,99.44
372,2022-03-07,112.67,77.29,104.19,118.17,138.32,119.22,119.13,117.81,118.92,119.37,130.38,119.52,119.08,119.74,119.58,119.66,126.28
373,2022-03-14,107.93,77.33,85.13,112.72,107.23,112.47,112.86,112.4,112.11,112.48,120.58,112.6,112.12,113.51,113.71,114.38,119.6
374,2022-03-21,120.65,77.37,98.32,107.97,103.19,107.78,108.09,107.69,107.47,107.75,102.84,107.85,107.43,108.28,107.5,108.76,111.07
375,2022-03-28,107.67,77.43,97.94,120.71,133.39,121.19,121.39,120.34,120.85,121.21,124.66,121.37,120.88,121.61,121.01,121.56,121.38
376,2022-04-04,102.78,77.47,86.41,107.71,94.68,107.47,107.84,107.42,107.11,107.45,107.99,107.56,107.08,107.67,108.06,108.83,106.29
377,2022-04-11,111.7,77.5,92.55,102.82,97.89,102.7,102.91,102.57,102.43,102.68,93.75,102.77,102.4,102.47,102.18,102.8,101.48
378,2022-04-18,106.65,77.55,95.15,111.75,120.64,111.94,111.86,111.42,111.65,111.94,113.7,112.06,111.65,111.83,111.82,111.64,108.04
379,2022-04-25,109.34,77.58,88.15,106.69,101.6,106.61,106.8,106.41,106.29,106.6,108.69,106.71,106.29,106.46,106.86,107.03,106.12
380,2022-05-02,112.39,77.62,97.1,109.39,112.04,109.42,109.49,109.08,109.13,109.43,108.11,109.54,109.13,109.25,109.27,109.37,111.87
381,2022-05-09,111.55,77.67,91.72,112.44,115.45,112.48,112.56,112.11,112.16,112.49,115.27,112.61,112.17,112.39,112.56,112.6,112.3
382,2022-05-16,112.55,77.71,95.94,111.6,110.71,111.58,111.72,111.28,111.25,111.58,112.69,111.7,111.25,111.45,111.67,111.89,113.29
383,2022-05-23,119.43,77.76,93.03,112.6,113.56,112.61,112.72,112.27,112.29,112.61,112.63,112.74,112.29,112.45,112.59,112.78,113.73
384,2022-05-30,119.72,77.81,102.09,119.49,126.32,119.6,119.63,119.11,119.24,119.6,123.35,119.75,119.25,119.59,119.62,119.73,121.54
385,2022-06-06,122.01,77.87,94.08,119.78,120.02,119.78,119.93,119.4,119.4,119.78,123.36,119.93,119.4,119.8,119.97,120.36,122.4
386,2022-06-13,113.12,77.92,103.61,122.07,124.31,122.11,122.23,121.68,121.72,122.11,123.3,122.26,121.73,122.12,122.11,122.56,125.4
387,2022-06-20,113.12,77.97,86.71,113.17,104.22,113.05,113.3,112.84,112.67,113.04,109.9,113.17,112.66,112.73,113.11,113.64,111.26
388,2022-06-27,116.26,78.01,102.28,113.17,113.13,113.17,113.29,112.84,112.84,113.17,108.59,113.29,112.83,112.72,112.91,113.02,111.08
