Date,Close Prices,"ARIMA_50.0_(0, 1, 1)_Predictions",LSTM_65.0_Predictions
2/18/2015,60.53,62.28,
2/19/2015,60.21,60.61,
2/20/2015,60.22,60.22,
2/23/2015,58.9,60.21,
2/24/2015,58.66,58.95,
2/25/2015,61.63,58.67,
2/26/2015,60.05,61.48,
2/27/2015,62.58,60.11,
3/2/2015,59.54,62.45,
3/3/2015,61.02,59.68,
3/4/2015,60.55,60.94,
3/5/2015,60.48,60.56,
3/6/2015,59.73,60.48,
3/9/2015,58.53,59.76,
3/10/2015,56.39,58.58,
3/11/2015,57.54,56.49,
3/12/2015,57.08,57.48,
3/13/2015,54.67,57.09,
3/16/2015,53.44,54.78,
3/17/2015,53.43,53.5,
3/18/2015,55.91,53.42,
3/19/2015,54.43,55.77,
3/20/2015,55.32,54.49,
3/23/2015,55.92,55.27,
3/24/2015,55.11,55.88,
3/25/2015,56.48,55.14,
3/26/2015,59.19,56.4,
3/27/2015,56.41,59.04,
3/30/2015,56.29,56.54,
3/31/2015,55.11,56.29,
4/1/2015,57.1,55.16,
4/2/2015,54.95,56.99,
4/6/2015,58.12,55.05,
4/7/2015,59.1,57.94,
4/8/2015,55.55,59.03,
4/9/2015,56.57,55.73,
4/10/2015,57.87,56.51,
4/13/2015,57.93,57.78,
4/14/2015,58.43,57.91,
4/15/2015,60.32,58.39,
4/16/2015,60.4,60.2,
4/17/2015,63.45,60.38,
4/20/2015,63.45,63.27,
4/21/2015,62.08,63.43,
4/22/2015,62.73,62.15,
4/23/2015,64.85,62.69,
4/24/2015,65.28,64.73,
4/27/2015,64.83,65.24,
4/28/2015,64.64,64.85,
4/29/2015,65.84,64.65,
4/30/2015,66.78,65.77,
5/1/2015,66.46,66.72,
5/4/2015,66.45,66.47,
5/5/2015,67.52,66.45,
5/6/2015,67.77,67.46,
5/7/2015,65.54,67.75,
5/8/2015,65.39,65.66,
5/11/2015,64.91,65.4,
5/12/2015,66.86,64.93,
5/13/2015,66.81,66.75,
5/14/2015,66.59,66.8,
5/15/2015,66.57,66.6,
5/18/2015,66.27,66.57,
5/19/2015,64.02,66.28,
5/20/2015,65.03,64.14,
5/21/2015,66.54,64.98,
5/22/2015,65.37,66.45,
5/26/2015,63.72,65.42,
5/27/2015,62.06,63.81,
5/28/2015,62.58,62.15,
5/29/2015,65.56,62.55,
6/1/2015,64.88,65.39,
6/2/2015,65.49,64.9,
6/3/2015,63.8,65.45,
6/4/2015,62.03,63.88,
6/5/2015,63.31,62.12,
6/8/2015,62.69,63.24,
6/9/2015,64.88,62.71,
6/10/2015,65.7,64.76,
6/11/2015,65.11,65.64,
6/12/2015,63.87,65.13,
6/15/2015,62.61,63.93,
6/16/2015,62.63,62.68,
6/17/2015,63.87,62.63,
6/18/2015,64.26,63.8,
6/19/2015,63.02,64.23,
6/22/2015,63.34,63.08,
6/23/2015,64.45,63.32,
6/24/2015,63.49,64.38,
6/25/2015,63.2,63.53,
6/26/2015,63.26,63.21,
6/29/2015,62.01,63.25,
6/30/2015,63.59,62.07,
7/1/2015,62.01,63.5,
7/2/2015,62.07,62.09,
7/6/2015,56.54,62.06,
7/7/2015,56.85,56.83,
7/8/2015,57.05,56.84,
7/9/2015,58.61,57.03,
7/10/2015,58.73,58.51,
7/13/2015,57.85,58.71,
7/14/2015,58.51,57.89,
7/15/2015,57.05,58.47,
7/16/2015,57.51,57.12,
7/17/2015,57.52,57.48,
7/20/2015,56.65,57.51,
7/21/2015,57.04,56.69,
7/22/2015,56.13,57.01,
7/23/2015,55.27,56.17,
7/24/2015,54.62,55.31,
7/27/2015,53.47,54.65,
7/28/2015,53.3,53.52,
7/29/2015,53.38,53.3,
7/30/2015,53.31,53.36,
7/31/2015,52.21,53.3,
8/3/2015,49.52,52.26,
8/4/2015,49.99,49.66,
8/5/2015,49.59,49.96,
8/6/2015,49.52,49.6,
8/7/2015,48.61,49.51,
8/10/2015,50.41,48.65,
8/11/2015,49.18,50.3,
8/12/2015,49.66,49.23,
8/13/2015,49.22,49.62,
8/14/2015,49.03,49.23,
8/17/2015,49.03,49.03,
8/18/2015,48.81,49.02,
8/19/2015,47.16,48.81,
8/20/2015,46.62,47.24,
8/21/2015,45.46,46.64,
8/24/2015,42.69,45.51,
8/25/2015,43.21,42.83,
8/26/2015,43.14,43.17,
8/27/2015,47.56,43.13,
8/28/2015,50.05,47.3,
8/31/2015,54.15,49.89,
9/1/2015,49.56,53.93,
9/2/2015,50.5,49.78,
9/3/2015,50.68,50.45,
9/4/2015,49.61,50.65,
9/8/2015,49.52,49.65,
9/9/2015,47.58,49.51,
9/10/2015,48.89,47.67,
9/11/2015,48.14,48.81,
9/14/2015,46.37,48.16,
9/15/2015,46.63,46.45,
9/16/2015,46.61,46.61,
9/17/2015,49.08,46.6,
9/18/2015,47.47,48.93,
9/21/2015,48.92,47.54,
9/22/2015,49.08,48.83,
9/23/2015,47.75,49.05,
9/24/2015,48.17,47.81,
9/25/2015,48.6,48.14,
9/28/2015,47.34,48.56,
9/29/2015,48.23,47.39,
9/30/2015,48.37,48.17,
10/1/2015,47.69,48.35,
10/2/2015,48.13,47.71,
10/5/2015,49.25,48.09,
10/6/2015,51.92,49.17,
10/7/2015,51.33,51.76,
10/8/2015,53.05,51.34,
10/9/2015,52.65,52.94,
10/12/2015,49.86,52.65,
10/13/2015,49.24,50,
10/14/2015,49.15,49.27,
10/15/2015,48.71,49.14,
10/16/2015,48.73,48.72,
10/19/2015,48.61,48.72,
10/20/2015,48.71,48.6,
10/21/2015,47.85,48.69,
10/22/2015,48.08,47.88,
10/23/2015,47.99,48.06,
10/26/2015,47.54,47.98,
10/27/2015,46.81,47.55,
10/28/2015,49.05,46.84,
10/29/2015,48.8,48.91,
10/30/2015,49.56,48.79,
11/2/2015,48.79,49.5,
11/3/2015,50.54,48.82,
11/4/2015,48.58,50.43,
11/5/2015,47.98,48.67,
11/6/2015,47.42,48,
11/9/2015,47.19,47.44,
11/10/2015,47.44,47.19,
11/11/2015,45.81,47.41,
11/12/2015,44.06,45.88,
11/13/2015,43.61,44.15,
11/16/2015,43.58,43.62,
11/17/2015,43.57,43.57,
11/18/2015,44.14,43.55,
11/19/2015,44.18,44.09,
11/20/2015,44.66,44.16,
11/23/2015,44.83,44.62,
11/24/2015,46.12,44.8,
11/25/2015,46.17,46.03,
11/27/2015,44.86,46.15,
11/30/2015,44.61,44.92,
12/1/2015,44.44,44.61,
12/2/2015,42.49,44.43,
12/3/2015,43.84,42.58,
12/4/2015,43,43.75,
12/7/2015,40.73,43.03,
12/8/2015,40.26,40.84,
12/9/2015,40.11,40.27,
12/10/2015,39.73,40.1,
12/11/2015,37.93,39.73,
12/14/2015,37.92,38.01,
12/15/2015,38.45,37.91,
12/16/2015,37.19,38.4,
12/17/2015,37.18,37.24,
12/18/2015,36.88,37.16,
12/21/2015,36.35,36.88,
12/22/2015,36.11,36.36,
12/23/2015,37.36,36.1,
12/24/2015,37.89,37.27,
12/28/2015,36.62,37.84,
12/29/2015,37.79,36.67,
12/30/2015,36.46,37.71,
12/31/2015,37.28,36.51,
1/4/2016,37.22,37.22,
1/5/2016,36.42,37.2,
1/6/2016,34.23,36.44,
1/7/2016,33.75,34.33,
1/8/2016,33.55,33.76,
1/11/2016,31.55,33.54,
1/12/2016,30.86,31.64,
1/13/2016,30.31,30.88,
1/14/2016,31.03,30.32,
1/15/2016,31.01,30.97,
1/19/2016,28.76,30.99,
1/20/2016,27.88,28.86,
1/21/2016,29.25,27.91,
1/22/2016,32.18,29.15,
1/25/2016,30.5,32,
1/26/2016,31.8,30.56,
1/27/2016,33.1,31.71,
1/28/2016,33.89,33,
1/29/2016,34.74,33.82,
2/1/2016,34.69,34.67,
2/2/2016,32.72,34.67,
2/3/2016,35.04,32.81,
2/4/2016,34.46,34.9,
2/5/2016,34.06,34.46,
2/8/2016,32.88,34.06,
2/9/2016,30.32,32.92,
2/10/2016,30.84,30.44,
2/11/2016,30.06,30.8,
2/12/2016,33.36,30.08,
2/16/2016,32.18,33.16,
2/17/2016,34.5,32.21,
2/18/2016,34.28,34.35,
2/19/2016,33.01,34.26,
2/22/2016,34.69,33.06,
2/23/2016,33.27,34.58,
2/24/2016,34.41,33.32,
2/25/2016,35.29,34.33,
2/26/2016,35.1,35.22,
2/29/2016,35.97,35.09,
3/1/2016,35.96,35.9,
3/2/2016,36.93,35.94,
3/3/2016,37.07,36.86,
3/4/2016,38.72,37.04,
3/7/2016,40.84,38.61,
3/8/2016,39.65,40.7,
3/9/2016,41.07,39.69,
3/10/2016,40.05,40.98,
3/11/2016,40.39,40.09,
3/14/2016,39.53,40.36,
3/15/2016,38.74,39.56,
3/16/2016,40.33,38.77,
3/17/2016,41.54,40.22,
3/18/2016,41.2,41.45,
3/21/2016,41.54,41.2,
3/22/2016,41.79,41.5,
3/23/2016,40.47,41.76,
3/24/2016,40.44,40.53,
3/28/2016,40.27,40.43,
3/29/2016,39.14,40.26,
3/30/2016,39.26,39.19,
3/31/2016,39.6,39.24,
4/1/2016,39.66,39.56,
4/4/2016,37.69,39.64,
4/5/2016,37.87,37.78,
4/6/2016,39.84,37.85,
4/7/2016,39.43,39.71,
4/8/2016,41.94,39.43,
4/11/2016,42.83,41.78,
4/12/2016,44.69,42.75,
4/13/2016,44.18,44.57,
4/14/2016,43.84,44.19,
4/15/2016,43.1,43.84,
4/18/2016,42.91,43.13,
4/19/2016,44.03,42.91,
4/20/2016,45.8,43.95,
4/21/2016,44.53,45.68,
4/22/2016,45.11,44.58,
4/25/2016,44.48,45.07,
4/26/2016,45.74,44.5,
4/27/2016,47.18,45.66,
4/28/2016,48.14,47.08,
4/29/2016,48.13,48.07,
5/2/2016,48.1,48.11,
5/3/2016,46.75,48.09,
5/4/2016,44.62,46.81,
5/5/2016,45.01,44.73,
5/6/2016,45.37,44.98,
5/9/2016,43.63,45.33,
5/10/2016,45.52,43.71,
5/11/2016,47.6,45.4,
5/12/2016,48.08,47.46,
5/13/2016,47.83,48.03,
5/16/2016,48.97,47.83,
5/17/2016,49.28,48.89,
5/18/2016,48.93,49.25,
5/19/2016,48.81,48.94,
5/20/2016,48.72,48.8,
5/23/2016,48.35,48.71,
5/24/2016,48.61,48.36,
5/25/2016,49.74,48.58,
5/26/2016,49.59,49.66,
5/27/2016,49.32,49.58,
5/31/2016,49.69,49.32,
6/1/2016,49.71,49.66,
6/2/2016,50.04,49.7,
6/3/2016,49.64,50.01,
6/6/2016,50.55,49.65,
6/7/2016,51.44,50.49,
6/8/2016,52.51,51.38,
6/9/2016,51.95,52.44,
6/10/2016,50.54,51.97,
6/13/2016,50.35,50.61,
6/14/2016,49.83,50.35,
6/15/2016,48.97,49.85,
6/16/2016,47.19,49.01,
6/17/2016,49.17,47.28,
6/20/2016,50.65,49.05,
6/21/2016,50.62,50.55,
6/22/2016,49.88,50.6,
6/23/2016,50.91,49.91,
6/24/2016,48.41,50.84,
6/27/2016,47.16,48.53,
6/28/2016,48.58,47.22,
6/29/2016,50.61,48.49,
6/30/2016,49.68,50.48,
7/1/2016,49.84,49.71,
7/5/2016,47.96,49.82,
7/6/2016,48.8,48.05,
7/7/2016,46.4,48.75,
7/8/2016,46.76,46.52,
7/11/2016,46.25,46.73,
7/12/2016,48.47,46.26,
7/13/2016,46.26,48.33,
7/14/2016,47.37,46.36,
7/15/2016,47.61,47.3,
7/18/2016,46.96,47.58,
7/19/2016,46.66,46.98,
7/20/2016,47.17,46.67,
7/21/2016,46.2,47.13,
7/22/2016,45.69,46.24,
7/25/2016,44.72,45.71,
7/26/2016,44.87,44.76,
7/27/2016,43.47,44.85,
7/28/2016,42.7,43.53,
7/29/2016,42.46,42.73,
8/1/2016,42.45,42.46,
8/2/2016,41.8,42.44,
8/3/2016,43.1,41.82,
8/4/2016,44.29,43.01,
8/5/2016,44.27,44.2,
8/8/2016,45.39,44.25,
8/9/2016,44.98,45.31,
8/10/2016,44.05,44.98,
8/11/2016,46.04,44.09,
8/12/2016,46.97,45.92,
8/15/2016,48.35,46.9,
8/16/2016,49.23,48.26,
8/17/2016,49.85,49.16,
8/18/2016,50.89,49.8,
8/19/2016,50.88,50.82,
8/22/2016,49.16,50.87,
8/23/2016,49.96,49.24,
8/24/2016,49.05,49.91,
8/25/2016,49.67,49.09,
8/26/2016,49.92,49.63,
8/29/2016,49.26,49.89,
8/30/2016,48.37,49.28,
8/31/2016,47.04,48.41,
9/1/2016,47.05,47.1,
9/2/2016,46.83,47.04,
9/6/2016,47.26,46.83,
9/7/2016,47.98,47.22,
9/8/2016,49.99,47.93,
9/9/2016,48.01,49.86,
9/12/2016,48.32,48.1,
9/13/2016,47.1,48.3,
9/14/2016,45.85,47.15,
9/15/2016,46.59,45.91,
9/16/2016,45.77,46.54,
9/19/2016,45.95,45.8,
9/20/2016,45.88,45.93,
9/21/2016,46.83,45.87,
9/22/2016,47.65,46.76,
9/23/2016,45.89,47.59,
9/26/2016,47.35,45.97,
9/27/2016,45.97,47.26,
9/28/2016,48.69,46.03,
9/29/2016,49.24,48.53,
9/30/2016,49.06,49.19,
10/3/2016,49.1,49.06,
10/4/2016,50.87,49.09,
10/5/2016,51.86,50.76,
10/6/2016,52.51,51.79,
10/7/2016,51.93,52.46,
10/11/2016,52.41,51.95,
10/12/2016,51.81,52.37,
10/13/2016,52.03,51.83,
10/14/2016,51.95,52.01,
10/17/2016,51.52,51.94,
10/18/2016,51.68,51.53,
10/19/2016,52.67,51.66,
10/20/2016,51.38,52.6,
10/21/2016,51.78,51.44,
10/24/2016,51.46,51.75,
10/25/2016,50.79,51.47,
10/26/2016,49.98,50.82,
10/27/2016,50.47,50.02,
10/28/2016,49.71,50.43,
10/31/2016,48.3,49.74,
11/1/2016,48.33,48.37,
11/2/2016,46.86,48.32,
11/3/2016,46.35,46.93,
11/4/2016,45.58,46.37,
11/7/2016,46.15,45.61,
11/8/2016,46.04,46.11,
11/9/2016,46.36,46.03,
11/10/2016,45.84,46.33,
11/14/2016,44.43,45.85,
11/15/2016,46.95,44.5,
11/16/2016,46.63,46.8,
11/17/2016,46.49,46.63,
11/18/2016,46.86,46.49,
11/21/2016,48.9,46.83,
11/22/2016,49.12,48.77,
11/23/2016,48.95,49.09,
11/25/2016,47.24,48.95,
11/28/2016,48.24,47.33,
11/29/2016,46.38,48.18,
11/30/2016,50.47,46.47,
12/1/2016,50.46,50.22,
12/2/2016,54.46,50.44,
12/5/2016,54.94,54.22,
12/6/2016,53.93,54.89,
12/7/2016,53,53.98,
12/8/2016,53.89,53.05,
12/9/2016,54.33,53.83,
12/12/2016,55.69,54.29,
12/13/2016,55.72,55.6,
12/14/2016,53.9,55.7,
12/15/2016,54.02,53.99,
12/16/2016,55.21,54.01,
12/19/2016,54.92,55.13,
12/20/2016,55.35,54.92,
12/21/2016,54.46,55.32,
12/22/2016,55.05,54.5,
12/23/2016,55.16,55.01,
12/27/2016,56.09,55.14,
12/28/2016,56.22,56.03,
12/29/2016,56.14,56.2,
12/30/2016,56.13,56.14,
1/3/2017,55.47,56.12,
1/4/2017,56.46,55.5,
1/5/2017,56.89,56.4,
1/6/2017,57.1,56.85,
1/9/2017,54.94,57.08,
1/10/2017,53.64,55.06,
1/11/2017,55.1,53.71,
1/12/2017,56.01,55.01,
1/13/2017,55.45,55.94,
1/17/2017,55.47,55.47,
1/18/2017,53.92,55.46,
1/19/2017,54.16,54,
1/20/2017,55.49,54.14,
1/23/2017,55.23,55.4,
1/24/2017,55.44,55.23,
1/25/2017,55.08,55.42,
1/26/2017,56.24,55.09,
1/27/2017,55.52,56.17,
1/30/2017,55.23,55.55,
1/31/2017,55.7,55.24,
2/1/2017,55.66,55.66,
2/2/2017,56.56,55.65,
2/3/2017,56.81,56.5,
2/6/2017,55.72,56.78,
2/7/2017,55.05,55.77,
2/8/2017,55.12,55.08,
2/9/2017,55.63,55.11,
2/10/2017,56.7,55.59,
2/13/2017,55.59,56.63,
2/14/2017,55.97,55.64,
2/15/2017,55.75,55.94,
2/16/2017,55.65,55.75,
2/17/2017,55.81,55.65,
2/21/2017,56.66,55.79,
2/22/2017,55.84,56.6,
2/23/2017,56.58,55.88,
2/24/2017,55.99,56.53,
2/27/2017,55.93,56.01,
2/28/2017,55.59,55.93,
3/1/2017,55.6,55.6,
3/2/2017,55.08,55.59,
3/3/2017,55.9,55.1,
3/6/2017,56.01,55.84,
3/7/2017,55.92,55.99,
3/8/2017,53.11,55.92,
3/9/2017,52.19,53.26,
3/10/2017,51.37,52.24,
3/13/2017,51.35,51.41,
3/14/2017,50.92,51.34,
3/15/2017,51.81,50.93,
3/16/2017,51.74,51.75,
3/17/2017,51.76,51.73,
3/20/2017,51.62,51.75,
3/21/2017,50.96,51.62,
3/22/2017,50.64,50.99,
3/23/2017,50.56,50.65,
3/24/2017,50.8,50.55,
3/27/2017,50.75,50.78,
3/28/2017,51.33,50.74,
3/29/2017,52.42,51.29,
3/30/2017,52.96,52.34,
3/31/2017,52.83,52.92,
4/3/2017,52.73,52.83,
4/4/2017,54.17,52.73,
4/5/2017,54.36,54.08,
4/6/2017,54.89,54.33,
4/7/2017,55.24,54.85,
4/10/2017,55.98,55.21,
4/11/2017,56.23,55.93,
4/12/2017,55.86,56.2,
4/13/2017,55.89,55.87,
4/17/2017,55.36,55.88,
4/18/2017,54.89,55.38,
4/19/2017,52.93,54.91,
4/20/2017,52.99,53.03,
4/21/2017,51.96,52.98,
4/24/2017,51.6,52.01,
4/25/2017,52.1,51.61,
4/26/2017,51.82,52.06,
4/27/2017,51.44,51.82,
4/28/2017,51.73,51.45,
5/1/2017,51.66,51.7,
5/3/2017,50.79,51.65,
5/4/2017,48.38,50.83,
5/5/2017,49.1,48.51,
5/8/2017,49.34,49.06,
5/9/2017,48.73,49.31,
5/10/2017,50.22,48.75,48.35
5/11/2017,50.77,50.13,49.59
5/12/2017,50.84,50.72,50.22
5/15/2017,51.82,50.82,50.33
5/16/2017,51.65,51.75,51.18
5/17/2017,52.21,51.65,51.14
5/18/2017,52.51,52.17,51.62
5/19/2017,53.61,52.48,51.96
5/22/2017,53.87,53.54,52.99
5/23/2017,54.15,53.84,53.36
5/24/2017,53.96,54.12,53.64
5/25/2017,51.46,53.96,53.5
5/26/2017,52.15,51.59,51.22
5/30/2017,51.84,52.11,51.53
5/31/2017,50.31,51.85,51.34
6/1/2017,50.33,50.39,49.98
6/2/2017,49.95,50.32,49.83
6/5/2017,49.47,49.96,49.51
6/6/2017,50.12,49.49,49.05
6/7/2017,48.06,50.07,49.57
6/8/2017,47.86,48.16,47.86
6/9/2017,48.15,47.87,47.45
6/12/2017,48.29,48.12,47.7
6/13/2017,48.72,48.27,47.85
6/14/2017,47,48.68,48.24
6/15/2017,46.92,47.08,46.78
6/16/2017,47.37,46.92,46.53
6/19/2017,46.91,47.33,46.93
6/20/2017,46.02,46.92,46.57
6/21/2017,44.82,46.06,45.74
6/22/2017,45.22,44.88,44.6
6/23/2017,45.54,45.19,44.84
6/26/2017,45.83,45.51,45.17
6/27/2017,46.65,45.8,45.46
6/28/2017,47.31,46.59,46.21
6/29/2017,47.42,47.26,46.86
6/30/2017,47.92,47.4,47.02
7/3/2017,47.87,47.88,47.46
7/5/2017,47.79,47.86,47.46
7/6/2017,48.11,47.78,47.39
7/7/2017,46.71,48.08,47.66
7/10/2017,46.88,46.78,46.47
7/11/2017,47.52,46.86,46.47
7/12/2017,47.74,47.47,47.06
7/13/2017,48.42,47.71,47.31
7/14/2017,48.91,48.37,47.93
7/17/2017,48.42,48.87,48.42
7/18/2017,48.84,48.43,48.04
7/19/2017,49.7,48.81,48.35
7/20/2017,49.3,49.64,49.15
7/21/2017,48.06,49.31,48.89
7/24/2017,48.6,48.12,47.76
7/25/2017,50.2,48.56,48.1
7/26/2017,50.97,50.1,49.56
7/27/2017,51.49,50.91,50.39
7/28/2017,52.52,51.45,50.91
7/31/2017,52.65,52.45,51.89
8/1/2017,52.63,52.63,52.12
8/2/2017,52.36,52.62,52.12
8/3/2017,52.01,52.37,51.87
8/4/2017,52.42,52.02,51.52
8/7/2017,52.37,52.39,51.85
8/8/2017,52.14,52.36,51.85
8/9/2017,52.7,52.14,51.64
8/10/2017,51.9,52.66,52.12
8/11/2017,52.1,51.93,51.46
8/14/2017,50.73,52.08,51.54
8/15/2017,50.8,50.8,50.38
8/16/2017,50.27,50.79,50.28
8/17/2017,51.03,50.29,49.84
8/18/2017,52.72,50.98,50.44
8/21/2017,51.66,52.61,52.02
8/22/2017,51.87,51.7,51.25
8/23/2017,52.57,51.85,51.31
8/24/2017,52.04,52.52,51.97
8/25/2017,52.41,52.06,51.57
8/28/2017,51.89,52.38,51.84
8/29/2017,52,51.91,51.42
8/30/2017,50.86,51.99,51.45
8/31/2017,52.38,50.91,50.48
9/1/2017,52.32,52.29,51.69
9/5/2017,53.38,52.31,51.81
9/6/2017,54.2,53.31,52.76
9/7/2017,54.49,54.14,53.63
9/8/2017,53.78,54.46,53.99
9/11/2017,53.84,53.81,53.38
9/12/2017,54.27,53.83,53.34
9/13/2017,55.16,54.24,53.74
9/14/2017,55.47,55.1,54.61
9/15/2017,55.62,55.44,54.99
9/18/2017,55.48,55.6,55.16
9/19/2017,55.14,55.48,55.05
9/20/2017,56.29,55.15,54.73
9/21/2017,56.43,56.22,55.73
9/22/2017,56.86,56.41,56
9/25/2017,59.02,56.83,56.4
9/26/2017,58.44,58.89,58.43
9/27/2017,57.9,58.46,58.15
9/28/2017,57.41,57.92,57.59
9/29/2017,57.54,57.43,57.08
10/2/2017,57.46,57.53,57.14
10/3/2017,56,57.46,57.08
10/4/2017,55.8,56.07,55.75
10/5/2017,57,55.81,55.38
10/6/2017,55.62,56.93,56.46
10/9/2017,55.79,55.69,55.36
10/10/2017,56.61,55.78,55.33
10/11/2017,56.94,56.56,56.1
10/12/2017,56.25,56.91,56.5
10/13/2017,57.17,56.28,55.91
10/16/2017,57.82,57.11,56.66
10/17/2017,57.88,57.77,57.37
10/18/2017,58.15,57.87,57.5
10/19/2017,57.23,58.13,57.75
10/20/2017,57.75,57.27,56.95
10/23/2017,57.37,57.72,57.3
10/24/2017,58.33,57.38,57.03
10/25/2017,58.44,58.27,57.85
10/26/2017,59.3,58.42,58.07
10/27/2017,60.44,59.24,58.86
10/30/2017,60.9,60.37,60
10/31/2017,61.37,60.86,60.55
11/1/2017,61.29,61.34,61.03
11/2/2017,60.62,61.29,61.01
11/3/2017,62.07,60.65,60.39
11/6/2017,64.27,61.98,61.64
11/7/2017,63.69,64.14,63.82
11/8/2017,63.49,63.71,63.5
11/9/2017,63.93,63.5,63.26
11/10/2017,63.52,63.9,63.64
11/13/2017,63.16,63.54,63.31
11/14/2017,62.21,63.18,62.94
11/15/2017,61.87,62.26,62.04
11/16/2017,61.36,61.89,61.62
11/17/2017,62.72,61.38,61.12
11/20/2017,62.22,62.64,62.31
11/21/2017,62.57,62.24,62
11/22/2017,63.32,62.55,62.26
11/24/2017,63.86,63.27,62.99
11/27/2017,63.84,63.82,63.56
11/28/2017,63.61,63.83,63.59
11/29/2017,63.11,63.62,63.38
11/30/2017,63.57,63.13,62.9
12/1/2017,63.49,63.54,63.27
12/4/2017,62.45,63.49,63.24
12/5/2017,62.86,62.5,62.29
12/6/2017,61.22,62.83,62.55
12/7/2017,62.2,61.31,61.11
12/8/2017,63.4,62.14,61.82
12/11/2017,64.69,63.32,63.03
12/12/2017,63.34,64.61,64.33
12/13/2017,62.44,63.41,63.22
12/14/2017,63.31,62.49,62.26
12/15/2017,63.23,63.26,62.97
12/18/2017,63.41,63.23,62.98
12/19/2017,63.8,63.39,63.14
12/20/2017,64.56,63.77,63.51
12/21/2017,64.9,64.51,64.25
12/22/2017,65.25,64.87,64.63
12/26/2017,67.02,65.22,64.99
12/27/2017,66.44,66.92,66.66
12/28/2017,66.72,66.46,66.26
12/29/2017,66.6,66.7,66.47
1/2/2018,66.57,66.6,66.38
1/3/2018,67.84,66.57,66.35
1/4/2018,68.07,67.77,67.52
1/5/2018,67.62,68.05,67.83
1/8/2018,67.78,67.64,67.43
1/9/2018,68.82,67.77,67.54
1/10/2018,69.2,68.76,68.52
1/11/2018,69.26,69.17,68.94
1/12/2018,69.87,69.25,69.03
1/16/2018,69.15,69.83,69.6
1/17/2018,69.38,69.19,68.97
1/18/2018,69.31,69.37,69.13
1/19/2018,68.61,69.31,69.08
1/22/2018,69.03,68.65,68.43
1/23/2018,69.96,69.01,68.77
1/24/2018,70.53,69.9,69.67
1/25/2018,70.42,70.49,70.26
1/26/2018,70.52,70.42,70.19
1/29/2018,69.46,70.51,70.27
1/30/2018,69.02,69.52,69.3
1/31/2018,69.05,69.05,68.82
2/1/2018,69.08,69.05,68.82
2/2/2018,68.58,69.08,68.85
2/5/2018,67.62,68.61,68.39
2/6/2018,66.86,67.67,67.47
2/7/2018,65.51,66.9,66.69
2/8/2018,64.81,65.58,65.4
2/9/2018,62.79,64.85,64.63
2/12/2018,62.59,62.9,62.74
2/13/2018,62.72,62.6,62.34
2/14/2018,64.36,62.71,62.44
2/15/2018,64.33,64.26,63.96
2/16/2018,64.84,64.32,64.09
2/20/2018,65.25,64.81,64.56
2/21/2018,65.42,65.22,64.98
2/22/2018,66.39,65.41,65.17
2/23/2018,67.31,66.33,66.08
2/26/2018,67.5,67.25,67.02
2/27/2018,66.63,67.48,67.26
2/28/2018,65.78,66.67,66.47
3/1/2018,65.71,65.83,65.62
3/2/2018,64.37,65.71,65.48
3/5/2018,65.54,64.44,64.26
3/6/2018,65.79,65.48,65.21
3/7/2018,64.34,65.77,65.54
3/8/2018,63.61,64.41,64.24
3/9/2018,65.49,63.65,63.43
3/12/2018,64.95,65.38,65.1
3/13/2018,64.64,64.97,64.76
3/14/2018,64.89,64.65,64.43
3/15/2018,65.12,64.87,64.63
3/16/2018,66.21,65.1,64.86
3/19/2018,66.05,66.15,65.89
3/20/2018,67.42,66.05,65.84
3/21/2018,69.47,67.34,67.09
3/22/2018,68.91,69.35,69.11
3/23/2018,70.45,68.93,68.72
3/26/2018,70.12,70.36,70.13
3/27/2018,70.11,70.13,69.9
3/28/2018,69.53,70.11,69.87
3/29/2018,70.27,69.56,69.33
4/2/2018,70.14,70.23,69.99
4/4/2018,68.02,70.14,69.91
4/5/2018,68.33,68.13,67.95
4/6/2018,67.11,68.32,68.08
4/9/2018,68.65,67.17,66.98
4/10/2018,71.04,68.57,68.32
4/11/2018,72.06,70.9,70.68
4/12/2018,72.02,72,71.76
4/13/2018,72.58,72.02,71.77
4/16/2018,71.42,72.55,72.3
4/17/2018,71.58,71.48,71.23
4/18/2018,73.48,71.57,71.32
4/19/2018,73.78,73.38,73.14
4/20/2018,74.06,73.76,73.49
4/23/2018,74.71,74.04,73.77
4/24/2018,73.86,74.67,74.4
4/25/2018,74,73.9,73.62
4/26/2018,74.74,73.99,73.72
4/27/2018,74.64,74.7,74.43
4/30/2018,75.17,74.64,74.36
5/1/2018,75.17,75.14,74.86
5/2/2018,73.36,75.17,74.88
5/3/2018,73.62,73.46,73.17
5/4/2018,74.87,73.61,73.34
5/7/2018,76.17,74.8,74.55
5/8/2018,74.85,76.1,75.84
5/9/2018,77.21,74.92,74.6
5/10/2018,77.47,77.08,76.88
5/11/2018,77.12,77.45,77.14
5/14/2018,78.23,77.14,76.82
5/15/2018,78.43,78.17,77.9
5/16/2018,79.28,78.42,78.1
5/17/2018,79.3,79.23,78.95
5/18/2018,78.51,79.3,78.97
5/21/2018,79.22,78.55,78.2
5/22/2018,79.57,79.18,78.9
5/23/2018,79.8,79.55,79.24
5/24/2018,78.79,79.79,79.47
5/25/2018,76.44,78.85,78.48
5/29/2018,75.39,76.57,76.2
5/30/2018,77.5,75.45,75.13
5/31/2018,77.59,77.39,77.17
6/1/2018,77.59,77.58,77.27
6/4/2018,75.29,77.59,77.28
6/5/2018,75.38,75.41,75.08
6/6/2018,75.36,75.38,75.09
6/7/2018,77.32,75.36,75.07
6/8/2018,76.46,77.21,76.98
6/11/2018,76.46,76.5,76.17
6/12/2018,75.88,76.46,76.16
6/13/2018,76.74,75.91,75.6
6/14/2018,75.94,76.7,76.42
6/15/2018,73.44,75.98,75.66
6/18/2018,75.34,73.58,73.28
6/19/2018,75.08,75.24,75.01
6/20/2018,74.74,75.09,74.79
6/21/2018,73.05,74.76,74.46
6/22/2018,75.55,73.14,72.86
6/25/2018,74.73,75.42,75.21
6/26/2018,76.31,74.77,74.47
6/27/2018,77.62,76.22,75.98
6/28/2018,77.85,77.54,77.28
6/29/2018,79.44,77.83,77.53
7/2/2018,79.41,79.35,79.11
7/3/2018,77.76,79.41,79.08
7/5/2018,77.39,77.85,77.48
7/6/2018,77.11,77.42,77.09
7/9/2018,78.07,77.13,76.81
7/10/2018,78.86,78.02,77.74
7/11/2018,73.4,78.81,78.53
7/12/2018,74.45,73.7,73.4
7/13/2018,75.33,74.41,74.15
7/16/2018,71.84,75.28,75.01
7/17/2018,72.16,72.04,71.77
7/18/2018,72.9,72.15,71.89
7/19/2018,72.58,72.86,72.61
7/20/2018,73.07,72.59,72.33
7/23/2018,73.06,73.04,72.78
7/24/2018,73.44,73.06,72.79
7/25/2018,73.93,73.42,73.15
7/26/2018,74.54,73.9,73.64
7/27/2018,74.29,74.5,74.24
7/30/2018,74.97,74.3,74.02
7/31/2018,74.25,74.93,74.66
8/1/2018,74.25,74.29,73.99
8/2/2018,73.45,74.25,73.97
8/3/2018,73.21,73.5,73.21
8/6/2018,73.75,73.23,72.95
8/7/2018,74.65,73.72,73.46
8/8/2018,72.28,74.6,74.34
8/9/2018,72.07,72.41,72.14
8/10/2018,72.81,72.09,71.83
8/13/2018,72.61,72.77,72.52
8/14/2018,72.46,72.62,72.36
8/15/2018,70.76,72.47,72.21
8/16/2018,71.43,70.86,70.61
8/17/2018,71.83,71.4,71.15
8/20/2018,72.21,71.8,71.56
8/21/2018,72.63,72.19,71.94
8/22/2018,74.78,72.6,72.35
8/23/2018,74.73,74.65,74.44
8/24/2018,75.82,74.73,74.44
8/27/2018,76.21,75.76,75.5
8/28/2018,75.95,76.18,75.9
8/29/2018,77.14,75.96,75.66
8/30/2018,77.77,77.07,76.81
8/31/2018,77.42,77.73,77.44
9/4/2018,78.17,77.44,77.11
9/5/2018,77.27,78.13,77.84
9/6/2018,76.5,77.32,76.98
9/7/2018,76.83,76.55,76.22
9/10/2018,77.37,76.81,76.52
9/11/2018,79.06,77.34,77.05
9/12/2018,79.74,78.96,78.73
9/13/2018,78.18,79.7,79.41
9/14/2018,78.09,78.27,77.89
9/17/2018,78.05,78.1,77.78
9/18/2018,79.03,78.05,77.73
9/19/2018,79.4,78.98,78.7
9/20/2018,78.7,79.38,79.07
9/21/2018,78.8,78.74,78.39
9/24/2018,81.2,78.8,78.48
9/25/2018,81.87,81.06,80.9
9/26/2018,81.34,81.83,81.54
9/27/2018,81.72,81.37,81.02
9/28/2018,82.72,81.7,81.4
10/1/2018,82.67,82.66,82.42
10/2/2018,84.8,82.67,82.36
10/3/2018,86.29,84.68,84.57
10/4/2018,84.58,86.2,86.07
10/5/2018,84.16,84.68,84.3
10/8/2018,83.91,84.19,83.87
10/9/2018,85,83.93,83.62
10/10/2018,83.09,84.94,84.75
10/11/2018,80.26,83.2,82.79
10/12/2018,80.43,80.43,79.99
10/15/2018,80.78,80.43,80.12
10/16/2018,81.41,80.76,80.46
10/17/2018,80.05,81.38,81.09
10/18/2018,79.29,80.13,79.74
10/19/2018,79.78,79.34,78.98
10/22/2018,79.83,79.76,79.46
10/23/2018,76.44,79.83,79.5
10/24/2018,76.17,76.63,76.24
10/25/2018,76.89,76.2,75.88
10/26/2018,77.62,76.85,76.57
10/29/2018,77.34,77.58,77.29
10/30/2018,75.91,77.35,77.03
10/31/2018,75.47,75.99,75.65
11/1/2018,75.5,75.5,75.19
11/2/2018,72.83,75.5,75.21
11/5/2018,73.17,72.98,72.69
11/6/2018,72.13,73.16,72.89
11/7/2018,72.07,72.19,71.92
11/8/2018,70.65,72.08,71.82
11/9/2018,70.18,70.73,70.49
11/12/2018,70.12,70.21,69.97
11/13/2018,65.47,70.12,69.89
11/14/2018,66.12,65.73,65.66
11/15/2018,66.62,66.09,65.83
11/16/2018,66.76,66.59,66.35
11/19/2018,66.79,66.75,66.52
11/20/2018,62.53,66.78,66.56
11/21/2018,63.48,62.76,62.72
11/23/2018,58.8,63.44,63.12
11/26/2018,60.48,59.06,59.03
11/27/2018,60.21,60.39,59.97
11/28/2018,58.76,60.21,59.93
11/29/2018,59.51,58.84,58.58
11/30/2018,58.71,59.47,59.08
12/3/2018,58.69,58.75,58.45
12/4/2018,62.08,58.69,58.33
12/6/2018,60.06,61.88,61.46
12/7/2018,61.67,60.16,59.99
12/10/2018,59.97,61.58,61.21
12/11/2018,60.2,60.06,59.85
12/12/2018,60.15,60.19,59.85
12/13/2018,61.45,60.15,59.84
12/14/2018,60.28,61.37,61.02
12/17/2018,59.61,60.34,60.1
12/18/2018,56.26,59.65,59.35
12/19/2018,57.24,56.45,56.26
12/20/2018,54.35,57.19,56.72
12/21/2018,53.82,54.51,54.25
12/24/2018,50.47,53.85,53.38
12/26/2018,54.47,50.66,50.35
12/27/2018,52.16,54.23,53.57
12/28/2018,52.2,52.28,51.93
12/31/2018,52.28,52.2,51.66
1/2/2019,54.91,52.27,51.75
1/3/2019,55.95,54.74,54.16
1/4/2019,57.06,55.87,55.41
1/7/2019,57.33,56.98,56.53
1/8/2019,58.72,57.3,56.91
1/9/2019,61.44,58.63,58.21
1/10/2019,61.68,61.26,60.86
1/11/2019,60.48,61.65,61.37
1/14/2019,58.99,60.55,60.31
1/15/2019,60.64,59.08,58.82
1/16/2019,61.32,60.54,60.15
1/17/2019,61.18,61.27,60.96
1/18/2019,62.7,61.18,60.9
1/22/2019,61.5,62.6,62.28
1/23/2019,61.14,61.56,61.35
1/24/2019,61.09,61.16,60.88
1/25/2019,61.64,61.09,60.8
1/28/2019,59.93,61.6,61.29
1/29/2019,61.32,60.03,59.81
1/30/2019,61.65,61.24,60.87
1/31/2019,61.89,61.62,61.33
2/1/2019,61.87,61.87,61.58
2/4/2019,62.51,61.87,61.59
2/5/2019,61.98,62.47,62.17
2/6/2019,62.69,62,61.76
2/7/2019,61.63,62.64,62.35
2/8/2019,62.1,61.69,61.46
2/11/2019,61.51,62.07,61.77
2/12/2019,62.42,61.54,61.29
2/13/2019,63.61,62.36,62.05
2/14/2019,64.57,63.53,63.24
2/15/2019,66.25,64.5,64.24
2/19/2019,66.45,66.14,65.89
2/20/2019,67.08,66.43,66.21
2/21/2019,67.07,67.04,66.81
2/22/2019,67.12,67.06,66.85
2/25/2019,64.76,67.11,66.89
2/26/2019,65.21,64.9,64.74
2/27/2019,66.39,65.19,64.93
2/28/2019,66.03,66.31,66.07
3/1/2019,66.01,66.04,65.83
3/4/2019,65.67,66.01,65.78
3/5/2019,65.86,65.69,65.47
3/6/2019,65.99,65.85,65.61
3/7/2019,66.3,65.98,65.75
3/8/2019,65.74,66.28,66.05
3/11/2019,66.58,65.77,65.56
3/12/2019,66.67,66.53,66.29
3/13/2019,67.55,66.66,66.44
3/14/2019,67.23,67.49,67.26
3/15/2019,67.16,67.24,67.03
3/18/2019,67.54,67.16,66.94
3/19/2019,67.61,67.51,67.29
3/20/2019,68.5,67.6,67.38
3/21/2019,67.86,68.44,68.21
3/22/2019,67.03,67.89,67.68
3/25/2019,67.21,67.08,66.87
3/26/2019,67.97,67.2,66.97
3/27/2019,67.83,67.92,67.69
3/28/2019,67.82,67.83,67.61
3/29/2019,68.39,67.82,67.6
4/1/2019,68.35,68.35,68.12
4/2/2019,69.37,68.35,68.13
4/3/2019,69.31,69.31,69.08
4/4/2019,69.4,69.31,69.08
4/5/2019,70.34,69.39,69.16
4/8/2019,71.1,70.28,70.05
4/9/2019,70.61,71.05,70.82
4/10/2019,71.73,70.63,70.4
4/11/2019,70.83,71.66,71.43
4/12/2019,71.55,70.88,70.64
4/15/2019,71.18,71.51,71.27
4/16/2019,71.72,71.2,70.95
4/17/2019,71.62,71.69,71.44
4/18/2019,71.97,71.62,71.37
4/22/2019,74.04,71.95,71.7
4/23/2019,74.51,73.91,73.7
4/24/2019,74.57,74.47,74.21
4/25/2019,74.35,74.56,74.28
4/26/2019,72.15,74.36,74.08
4/29/2019,72.04,72.28,72
4/30/2019,72.8,72.05,71.79
5/1/2019,72.79,72.75,72.51
5/2/2019,70.75,72.79,72.53
5/3/2019,70.85,70.87,70.62
5/6/2019,71.24,70.85,70.6
5/7/2019,69.88,71.21,70.97
5/8/2019,70.37,69.96,69.73
5/9/2019,70.39,70.34,70.11
5/10/2019,70.62,70.39,70.15
5/13/2019,70.23,70.6,70.37
5/14/2019,71.24,70.25,70.02
5/15/2019,71.77,71.18,70.94
5/16/2019,72.62,71.73,71.49
5/17/2019,72.21,72.56,72.32
5/20/2019,71.97,72.23,71.97
5/21/2019,72.18,71.98,71.73
5/22/2019,70.99,72.17,71.91
5/23/2019,67.76,71.06,70.81
5/24/2019,68.69,67.96,67.78
5/28/2019,70.11,68.64,68.4
5/29/2019,69.45,70.02,69.79
5/30/2019,66.87,69.48,69.26
5/31/2019,64.49,67.03,66.85
6/3/2019,64.45,64.64,64.47
6/4/2019,61.97,64.46,64.21
6/5/2019,60.63,62.11,61.96
6/6/2019,61.67,60.71,60.47
6/7/2019,63.29,61.61,61.27
6/10/2019,62.29,63.19,62.87
6/11/2019,62.29,62.34,62.13
6/12/2019,59.97,62.29,62.01
6/13/2019,61.31,60.1,59.92
6/14/2019,62.01,61.23,60.87
6/17/2019,60.94,61.96,61.66
6/18/2019,62.14,61,60.76
6/19/2019,61.82,62.07,61.74
6/20/2019,64.45,61.83,61.58
6/21/2019,65.2,64.29,63.97
6/24/2019,64.86,65.14,64.9
6/25/2019,65.05,64.87,64.65
6/26/2019,66.49,65.04,64.8
6/27/2019,66.55,66.4,66.15
6/28/2019,66.55,66.54,66.32
7/1/2019,66.5,66.55,66.32
7/2/2019,62.4,66.5,66.28
7/3/2019,63.82,62.64,62.57
7/5/2019,64.23,63.75,63.43
7/8/2019,64.11,64.2,63.95
7/9/2019,64.16,64.11,63.88
7/10/2019,67.01,64.15,63.91
7/11/2019,66.52,66.84,66.57
7/12/2019,66.72,66.54,66.33
7/15/2019,66.48,66.71,66.48
7/16/2019,64.35,66.49,66.27
7/17/2019,63.66,64.47,64.31
7/18/2019,61.93,63.7,63.47
7/19/2019,62.47,62.03,61.84
7/22/2019,63.26,62.44,62.14
7/23/2019,63.83,63.21,62.92
7/24/2019,63.18,63.79,63.53
7/25/2019,63.39,63.21,62.99
7/26/2019,63.46,63.38,63.11
7/29/2019,63.71,63.45,63.2
7/30/2019,64.72,63.69,63.43
7/31/2019,65.17,64.65,64.39
8/1/2019,65.19,65.14,64.9
8/2/2019,61.89,65.18,64.95
8/5/2019,59.81,62.08,61.97
8/6/2019,58.94,59.94,59.72
8/7/2019,56.23,58.99,58.69
8/8/2019,57.38,56.38,56.15
8/9/2019,58.53,57.32,56.84
8/12/2019,58.57,58.45,58.04
8/13/2019,61.3,58.56,58.21
8/14/2019,59.48,61.14,60.72
8/15/2019,58.23,59.57,59.37
8/16/2019,58.64,58.3,58.01
8/19/2019,59.74,58.61,58.23
8/20/2019,60.03,59.67,59.29
8/21/2019,60.3,60,59.68
8/22/2019,59.92,60.28,59.95
8/23/2019,59.34,59.94,59.64
8/26/2019,58.7,59.37,59.07
8/27/2019,59.51,58.73,58.42
8/28/2019,60.49,59.46,59.08
8/29/2019,61.08,60.42,60.07
8/30/2019,60.43,61.04,60.72
9/3/2019,58.26,60.46,60.19
9/4/2019,60.7,58.38,58.16
9/5/2019,60.95,60.56,60.12
9/6/2019,61.54,60.92,60.63
9/9/2019,62.59,61.5,61.19
9/10/2019,62.38,62.52,62.21
9/11/2019,60.81,62.38,62.13
9/12/2019,60.38,60.9,60.69
9/13/2019,60.22,60.4,60.11
9/16/2019,69.02,60.23,59.92
9/17/2019,64.55,68.5,68.33
9/18/2019,63.6,64.79,64.75
9/19/2019,64.4,63.67,63.43
9/20/2019,64.28,64.35,64.08
9/23/2019,64.77,64.28,64.05
9/24/2019,63.1,64.74,64.49
9/25/2019,62.39,63.2,63.01
9/26/2019,62.74,62.44,62.19
9/27/2019,61.91,62.72,62.44
9/30/2019,60.78,61.96,61.72
10/1/2019,60.75,60.85,60.6
10/2/2019,57.69,60.75,60.45
10/3/2019,57.71,57.88,57.69
10/4/2019,58.37,57.71,57.31
10/7/2019,58.35,58.32,57.93
10/8/2019,58.24,58.34,57.99
10/9/2019,58.32,58.24,57.89
10/10/2019,59.1,58.31,57.94
10/11/2019,60.51,59.04,58.66
10/14/2019,59.35,60.41,60.04
10/15/2019,58.74,59.41,59.15
10/16/2019,59.42,58.78,58.45
10/17/2019,59.91,59.37,59
10/18/2019,59.42,59.87,59.53
10/21/2019,58.96,59.44,59.14
10/22/2019,59.7,58.98,58.66
10/23/2019,61.17,59.65,59.28
10/24/2019,61.67,61.07,60.72
10/25/2019,62.02,61.63,61.33
10/28/2019,61.57,61.99,61.71
10/29/2019,61.59,61.59,61.33
10/30/2019,60.61,61.59,61.3
10/31/2019,60.23,60.67,60.41
11/1/2019,60.21,60.25,59.95
11/4/2019,62.13,60.21,59.89
11/5/2019,62.96,62.01,61.65
11/6/2019,61.74,62.9,62.62
11/7/2019,62.29,61.81,61.59
11/8/2019,62.51,62.26,61.96
11/11/2019,62.18,62.49,62.22
11/12/2019,62.06,62.19,61.94
11/13/2019,62.37,62.06,61.79
11/14/2019,62.28,62.35,62.07
11/15/2019,63.3,62.28,62.02
11/18/2019,62.44,63.23,62.94
11/19/2019,60.91,62.49,62.26
11/20/2019,62.4,61,60.78
11/21/2019,63.97,62.31,61.97
11/22/2019,63.39,63.86,63.57
11/25/2019,63.65,63.42,63.2
11/26/2019,64.27,63.63,63.37
11/27/2019,64.06,64.23,63.97
11/29/2019,62.43,64.07,63.84
12/2/2019,62.4,62.53,62.33
12/3/2019,60.82,62.4,62.13
12/4/2019,63,60.91,60.7
12/5/2019,63.39,62.86,62.52
12/6/2019,64.39,63.35,63.1
12/9/2019,64.25,64.32,64.05
12/10/2019,64.34,64.25,64.02
12/11/2019,63.72,64.33,64.09
12/12/2019,64.2,63.75,63.53
12/13/2019,65.22,64.17,63.91
12/16/2019,65.34,65.15,64.9
12/17/2019,66.1,65.32,65.1
12/18/2019,66.17,66.05,65.81
12/19/2019,66.54,66.16,65.94
12/20/2019,66.14,66.51,66.28
12/23/2019,66.39,66.16,65.95
12/24/2019,67.2,66.37,66.14
12/26/2019,67.92,67.15,66.91
12/27/2019,68.16,67.87,67.64
12/30/2019,68.44,68.14,67.92
12/31/2019,68.38,68.42,68.19
1/2/2020,66.25,68.38,68.16
1/3/2020,68.6,66.38,66.2
1/6/2020,68.91,68.46,68.22
1/7/2020,68.27,68.88,68.66
1/8/2020,65.44,68.31,68.09
1/9/2020,65.37,65.62,65.46
1/10/2020,64.98,65.38,65.14
1/13/2020,64.2,65,64.78
1/14/2020,64.49,64.25,64.03
1/15/2020,64,64.47,64.22
1/16/2020,64.62,64.03,63.8
1/17/2020,64.85,64.58,64.32
1/21/2020,64.59,64.83,64.59
1/22/2020,63.21,64.6,64.37
1/23/2020,62.04,63.29,63.09
1/24/2020,60.69,62.11,61.89
1/27/2020,59.32,60.77,60.53
1/28/2020,59.51,59.4,59.14
1/29/2020,59.81,59.5,59.15
1/30/2020,58.29,59.79,59.45
1/31/2020,58.16,58.38,58.11
2/3/2020,58.2,58.17,57.8
2/4/2020,53.96,58.19,57.83
2/5/2020,55.28,54.21,54.03
2/6/2020,54.93,55.21,54.66
2/7/2020,54.47,54.94,54.52
2/10/2020,53.27,54.49,54.05
2/11/2020,54.01,53.34,52.91
2/12/2020,55.79,53.96,53.44
2/13/2020,56.34,55.67,55.15
2/14/2020,57.32,56.29,55.86
2/18/2020,57.75,57.25,56.81
2/19/2020,59.12,57.71,57.32
2/20/2020,59.31,59.03,58.62
2/21/2020,58.5,59.29,58.95
2/24/2020,56.3,58.54,58.24
2/25/2020,54.95,56.43,56.15
2/26/2020,53.43,55.03,54.65
2/27/2020,52.18,53.52,53.11
2/28/2020,50.52,52.25,51.79
3/2/2020,50.48,50.62,50.2
3/3/2020,51.86,50.48,49.98
3/4/2020,51.13,51.77,51.18
3/5/2020,49.99,51.16,50.7
3/6/2020,45.27,50.05,49.62
3/9/2020,34.36,45.54,45.41
3/10/2020,37.22,34.93,35.02
3/11/2020,35.79,37.08,36.58
3/12/2020,33.22,35.85,35.61
3/13/2020,33.85,33.35,33.02
3/16/2020,30.05,33.81,33.38
3/17/2020,28.73,30.24,30.04
3/18/2020,24.88,28.8,28.4
3/19/2020,28.47,25.08,24.68
3/20/2020,26.98,28.27,27.86
3/23/2020,27.03,27.04,26.9
3/24/2020,27.15,27.01,26.64
3/25/2020,27.39,27.13,26.82
3/26/2020,26.34,27.36,27.06
3/27/2020,24.93,26.38,26.06
3/30/2020,22.76,25,24.57
3/31/2020,22.74,22.87,22.33
4/1/2020,22.76,22.73,22.16
4/2/2020,29.94,22.74,22.3
4/3/2020,34.11,29.52,29.47
4/6/2020,33.05,33.86,33.88
4/7/2020,31.87,33.08,32.89
4/8/2020,32.84,31.92,31.6
4/9/2020,31.48,32.78,32.41
4/13/2020,31.74,31.53,31.28
4/14/2020,29.6,31.72,31.37
4/15/2020,27.69,29.7,29.45
4/16/2020,27.82,27.78,27.42
4/17/2020,28.08,27.8,27.43
4/20/2020,25.57,28.05,27.76
4/21/2020,19.33,25.68,25.36
4/22/2020,20.37,19.63,18.96
4/23/2020,21.33,20.32,19.49
4/24/2020,21.44,21.26,20.9
4/27/2020,19.99,21.41,21.01
4/28/2020,20.46,20.04,19.48
4/29/2020,22.54,20.42,19.82
4/30/2020,25.27,22.42,22.08
5/1/2020,25.29,25.11,24.97
5/4/2020,27.2,25.27,25.08
5/5/2020,30.97,27.09,26.79
5/6/2020,29.72,30.77,30.58
5/7/2020,29.46,29.76,29.64
5/8/2020,30.97,29.46,29.13
5/11/2020,29.63,30.88,30.57
5/12/2020,29.98,29.68,29.46
5/13/2020,29.19,29.95,29.62
5/14/2020,31.13,29.21,28.95
5/15/2020,32.5,31.02,30.69
5/18/2020,34.81,32.41,32.15
5/19/2020,34.65,34.68,34.3
5/20/2020,35.75,34.64,34.3
5/21/2020,36.06,35.68,35.31
5/22/2020,35.13,36.03,35.72
5/26/2020,36.17,35.16,34.82
5/27/2020,34.74,36.11,35.74
5/28/2020,35.29,34.79,34.46
5/29/2020,35.33,35.25,34.84
6/1/2020,35.32,35.31,34.96
6/2/2020,39.57,35.31,34.94
6/3/2020,39.79,39.35,39.05
6/4/2020,39.99,39.76,39.58
6/5/2020,42.3,39.97,39.72
6/8/2020,40.8,42.18,41.87
6/9/2020,41.18,40.86,40.69
6/10/2020,41.73,41.15,40.87
6/11/2020,38.55,41.69,41.43
6/12/2020,38.73,38.69,38.55
6/15/2020,39.72,38.72,38.4
6/16/2020,40.96,39.66,39.39
6/17/2020,40.71,40.88,40.62
6/18/2020,41.51,40.71,40.49
6/19/2020,42.19,41.46,41.18
6/22/2020,43.08,42.14,41.88
6/23/2020,42.63,43.02,42.73
6/24/2020,40.31,42.64,42.4
6/25/2020,41.05,40.41,40.24
6/26/2020,41.02,41.01,40.71
6/29/2020,41.71,41.01,40.77
6/30/2020,41.15,41.66,41.39
7/1/2020,41.13,41.16,40.94
7/2/2020,43.14,41.12,40.86
7/6/2020,43.1,43.03,42.71
7/7/2020,43.08,43.09,42.84
7/8/2020,43.29,43.07,42.8
7/9/2020,42.35,43.27,42.98
7/10/2020,43.24,42.38,42.16
7/13/2020,42.72,43.19,42.87
7/14/2020,42.9,42.73,42.49
7/15/2020,43.79,42.88,42.6
7/16/2020,43.37,43.74,43.42
7/17/2020,43.14,43.38,43.12
7/20/2020,43.28,43.14,42.87
7/21/2020,44.32,43.26,42.98
7/22/2020,44.29,44.26,43.93
7/23/2020,43.31,44.28,43.99
7/24/2020,43.34,43.35,43.1
7/27/2020,43.41,43.33,43.04
7/28/2020,43.22,43.4,43.11
7/29/2020,43.75,43.22,42.95
7/30/2020,42.94,43.71,43.41
7/31/2020,43.3,42.97,42.73
8/3/2020,43.26,43.27,42.97
8/4/2020,44.43,43.25,42.98
8/5/2020,45.17,44.36,44.02
8/6/2020,45.09,45.12,44.79
8/7/2020,44.4,45.08,44.77
8/10/2020,44.99,44.42,44.15
8/11/2020,44.5,44.95,44.61
8/12/2020,45.43,44.51,44.23
8/13/2020,44.96,45.38,45.01
8/14/2020,44.8,44.97,44.68
8/17/2020,45.37,44.8,44.49
8/18/2020,45.46,45.33,44.98
8/19/2020,45.37,45.44,45.12
8/20/2020,44.9,45.36,45.04
8/21/2020,44.35,44.91,44.61
8/24/2020,45.13,44.37,44.08
8/25/2020,45.86,45.08,44.73
8/26/2020,45.64,45.81,45.45
8/27/2020,45.09,45.64,45.32
8/28/2020,45.05,45.11,44.81
8/31/2020,45.1,45.04,44.72
9/2/2020,44.43,45.09,44.76
9/3/2020,44.07,44.45,44.17
9/4/2020,42.66,44.08,43.79
9/8/2020,39.78,42.72,42.5
9/9/2020,40.79,39.91,39.75
9/10/2020,40.06,40.74,40.42
9/11/2020,39.83,40.08,39.87
9/14/2020,39.61,39.83,39.58
9/15/2020,40.53,39.61,39.36
9/16/2020,42.22,40.47,40.2
9/17/2020,43.3,42.12,41.84
9/18/2020,43.15,43.23,42.95
9/21/2020,41.44,43.14,42.89
9/22/2020,41.72,41.51,41.32
9/23/2020,41.77,41.7,41.42
9/24/2020,41.94,41.76,41.5
9/25/2020,41.92,41.92,41.66
9/28/2020,42.43,41.91,41.66
9/29/2020,41.03,42.39,42.12
9/30/2020,40.95,41.09,40.89
10/1/2020,40.96,40.95,40.68
10/2/2020,39.27,40.95,40.7
10/5/2020,41.29,39.34,39.14
10/6/2020,42.65,41.18,40.87
10/7/2020,41.99,42.57,42.29
10/8/2020,43.34,42.01,41.79
10/9/2020,42.85,43.26,42.94
10/12/2020,41.72,42.86,42.62
10/13/2020,42.45,41.77,41.54
10/14/2020,43.32,42.41,42.11
10/15/2020,43.16,43.26,42.97
10/16/2020,42.93,43.16,42.9
10/19/2020,42.62,42.93,42.67
10/20/2020,43.16,42.63,42.37
10/21/2020,41.73,43.12,42.83
10/22/2020,42.46,41.79,41.59
10/23/2020,41.77,42.42,42.12
10/26/2020,40.46,41.79,41.57
10/27/2020,41.2,40.52,40.3
10/28/2020,39.12,41.16,40.87
10/29/2020,37.65,39.21,39.04
10/30/2020,37.46,37.72,37.45
11/2/2020,37.46,37.46,37.15
11/3/2020,39.71,37.45,37.16
11/4/2020,41.23,39.59,39.3
11/5/2020,40.93,41.14,40.89
11/6/2020,39.45,40.93,40.71
11/9/2020,42.4,39.51,39.3
11/10/2020,43.61,42.25,41.91
11/11/2020,43.8,43.53,43.25
11/12/2020,43.53,43.78,43.5
11/13/2020,42.78,43.53,43.26
11/16/2020,43.82,42.81,42.56
11/17/2020,43.75,43.76,43.43
11/18/2020,44.34,43.74,43.47
11/19/2020,44.2,44.3,43.98
11/20/2020,44.96,44.2,43.91
11/23/2020,46.06,44.91,44.57
11/24/2020,47.86,45.99,45.62
11/25/2020,48.61,47.76,47.3
11/27/2020,48.18,48.56,48.12
11/30/2020,47.59,48.19,47.8
12/1/2020,47.61,47.61,47.24
12/2/2020,48.25,47.6,47.2
12/3/2020,48.71,48.21,47.77
12/4/2020,49.25,48.68,48.23
12/7/2020,48.79,49.21,48.74
12/8/2020,48.84,48.8,48.4
12/9/2020,48.86,48.83,48.39
12/10/2020,50.25,48.85,48.41
12/11/2020,49.97,50.17,49.63
12/14/2020,50.29,49.97,49.53
12/15/2020,50.76,50.27,49.77
12/16/2020,51.08,50.73,50.21
12/17/2020,51.5,51.06,50.54
12/18/2020,52.26,51.47,50.93
12/21/2020,50.91,52.21,51.65
12/22/2020,50.08,50.97,50.55
12/23/2020,51.2,50.12,49.68
12/24/2020,51.29,51.14,50.56
12/28/2020,50.86,51.28,50.77
12/29/2020,51.09,50.87,50.4
12/30/2020,51.34,51.07,50.55
1/4/2021,51.09,51.32,50.79
1/5/2021,53.6,51.09,50.6
1/6/2021,54.3,53.47,52.83
1/7/2021,54.38,54.25,53.75
1/8/2021,55.99,54.37,53.9
1/11/2021,55.66,55.91,55.37
1/12/2021,56.58,55.67,55.27
1/13/2021,56.06,56.53,56.06
1/14/2021,56.42,56.08,55.7
1/15/2021,55.1,56.4,55.96
1/19/2021,55.9,55.16,54.81
1/20/2021,56.08,55.86,55.37
1/21/2021,56.1,56.06,55.63
1/22/2021,55.41,56.09,55.67
1/25/2021,55.88,55.44,55.05
1/26/2021,55.91,55.85,55.39
1/27/2021,55.81,55.9,55.48
1/28/2021,55.53,55.81,55.39
1/29/2021,55.88,55.54,55.12
2/1/2021,55.88,55.86,55.41
2/2/2021,57.46,55.87,55.45
2/3/2021,58.46,57.38,56.89
2/4/2021,58.84,58.4,57.99
2/5/2021,59.34,58.81,58.45
2/8/2021,60.56,59.31,58.94
2/9/2021,61.09,60.5,60.12
2/10/2021,61.47,61.06,60.74
2/11/2021,61.14,61.45,61.14
2/12/2021,62.43,61.15,60.88
2/16/2021,63.35,62.36,62.02
2/17/2021,64.34,63.3,63
2/18/2021,63.93,64.29,64.01
2/19/2021,62.91,63.94,63.72
2/22/2021,65.24,62.96,62.75
2/23/2021,65.37,65.13,64.8
2/24/2021,67.04,65.36,65.13
2/25/2021,66.88,66.96,66.69
2/26/2021,66.13,66.88,66.67
3/1/2021,65.95,66.16,65.96
3/2/2021,62.7,65.96,65.74
3/3/2021,64.07,62.85,62.78
3/4/2021,66.74,64.01,63.69
3/5/2021,69.36,66.61,66.31
3/8/2021,68.24,69.23,68.97
3/9/2021,67.52,68.28,68.09
3/10/2021,67.9,67.55,67.35
3/11/2021,69.63,67.88,67.65
3/12/2021,69.22,69.55,69.29
3/15/2021,68.88,69.23,69.02
3/16/2021,68.39,68.89,68.67
3/17/2021,68,68.41,68.2
3/18/2021,63.28,68.02,67.8
3/19/2021,64.53,63.5,63.51
3/22/2021,64.62,64.48,64.17
3/23/2021,60.79,64.61,64.37
3/24/2021,64.41,60.97,60.93
3/25/2021,61.95,64.24,63.84
3/26/2021,64.57,62.06,61.95
3/29/2021,64.98,64.44,64.09
3/30/2021,64.14,64.95,64.71
3/31/2021,63.54,64.18,63.98
4/1/2021,63.6,63.57,63.35
4/5/2021,62.15,63.59,63.34
4/6/2021,62.74,62.22,62.03
4/7/2021,63.16,62.71,62.41
4/8/2021,63.2,63.13,62.86
4/9/2021,62.95,63.19,62.94
4/12/2021,63.28,62.96,62.71
4/13/2021,63.67,63.26,62.99
4/14/2021,66.58,63.65,63.38
4/15/2021,66.94,66.43,66.13
4/16/2021,66.77,66.91,66.69
4/19/2021,67.05,66.77,66.56
4/20/2021,66.57,67.03,66.8
4/21/2021,65.32,66.59,66.38
4/22/2021,65.4,65.38,65.2
4/23/2021,66.11,65.4,65.16
4/26/2021,65.65,66.07,65.82
4/27/2021,66.42,65.67,65.46
4/28/2021,67.27,66.38,66.13
4/29/2021,68.56,67.22,66.98
4/30/2021,67.25,68.49,68.25
5/3/2021,67.29,67.31,67.13
5/5/2021,68.96,67.29,67.06
5/6/2021,68.09,68.87,68.62
5/7/2021,68.28,68.13,67.93
5/10/2021,68.32,68.27,68.04
5/11/2021,68.55,68.32,68.09
5/12/2021,69.32,68.54,68.31
5/13/2021,67.05,69.28,69.04
5/14/2021,68.71,67.16,67.01
5/17/2021,69.46,68.63,68.38
5/18/2021,68.71,69.42,69.18
5/19/2021,66.66,68.74,68.53
5/20/2021,65.11,66.76,66.6
5/21/2021,66.44,65.19,65.01
5/24/2021,68.46,66.37,66.11
5/25/2021,68.65,68.35,68.1
5/26/2021,68.87,68.63,68.41
5/27/2021,69.46,68.86,68.63
5/28/2021,69.63,69.43,69.19
6/1/2021,69.63,69.62,69.39
6/2/2021,71.35,69.63,69.4
6/3/2021,71.31,71.26,71.02
6/4/2021,71.89,71.31,71.06
6/7/2021,71.49,71.86,71.61
6/8/2021,72.22,71.51,71.26
6/9/2021,72.22,72.18,71.93
6/10/2021,72.52,72.22,71.96
6/11/2021,72.69,72.5,72.25
6/14/2021,72.86,72.68,72.42
6/15/2021,73.99,72.85,72.59
6/16/2021,74.39,73.93,73.68
6/17/2021,73.08,74.37,74.09
6/18/2021,73.51,73.14,72.87
6/21/2021,74.9,73.49,73.22
6/22/2021,74.81,74.83,74.57
6/23/2021,75.19,74.81,74.52
6/24/2021,75.56,75.17,74.89
6/25/2021,76.18,75.54,75.25
6/28/2021,74.68,76.15,75.86
6/29/2021,74.76,74.75,74.45
6/30/2021,75.13,74.76,74.47
7/1/2021,75.84,75.11,74.83
7/2/2021,76.17,75.8,75.52
7/6/2021,74.53,76.15,75.86
7/7/2021,73.43,74.61,74.3
7/8/2021,74.12,73.49,73.21
7/9/2021,75.55,74.09,73.82
7/12/2021,75.16,75.48,75.22
7/13/2021,76.49,75.18,74.88
7/14/2021,74.76,76.42,76.16
7/15/2021,73.47,74.84,74.53
7/16/2021,73.59,73.54,73.25
7/19/2021,68.62,73.59,73.32
7/20/2021,69.35,68.87,68.76
7/21/2021,72.23,69.32,69.08
7/22/2021,73.79,72.08,71.86
7/23/2021,74.1,73.7,73.46
7/26/2021,74.5,74.08,73.81
7/27/2021,74.48,74.48,74.2
7/28/2021,74.74,74.48,74.2
7/29/2021,76.05,74.73,74.45
7/30/2021,76.33,75.98,75.72
8/2/2021,72.89,76.31,76.02
8/3/2021,72.41,73.06,72.79
8/4/2021,70.38,72.44,72.18
8/5/2021,71.29,70.48,70.26
8/6/2021,70.7,71.25,71
8/9/2021,69.04,70.73,70.49
8/10/2021,70.63,69.12,68.92
8/11/2021,71.44,70.55,70.31
8/12/2021,71.31,71.39,71.15
8/13/2021,70.59,71.31,71.07
8/16/2021,69.51,70.62,70.39
8/17/2021,69.03,69.56,69.35
8/18/2021,68.23,69.05,68.83
8/19/2021,66.45,68.27,68.06
8/20/2021,65.18,66.54,66.37
8/23/2021,68.75,65.24,65.06
8/24/2021,71.05,68.57,68.3
8/25/2021,72.25,70.93,70.69
8/26/2021,71.07,72.19,71.94
8/27/2021,72.7,71.12,70.89
8/30/2021,73.41,72.62,72.38
8/31/2021,72.99,73.37,73.11
9/1/2021,71.59,73.01,72.74
9/2/2021,73.03,71.66,71.41
9/3/2021,72.61,72.96,72.71
9/7/2021,71.69,72.63,72.37
9/8/2021,72.6,71.73,71.49
9/9/2021,71.45,72.56,72.3
9/10/2021,72.92,71.5,71.26
9/13/2021,73.51,72.85,72.6
9/14/2021,73.6,73.48,73.21
9/15/2021,75.46,73.59,73.32
9/16/2021,75.67,75.37,75.12
9/17/2021,75.34,75.66,75.36
9/20/2021,73.92,75.36,75.06
9/21/2021,74.36,73.99,73.7
9/22/2021,76.19,74.34,74.07
9/23/2021,77.25,76.1,75.85
9/24/2021,78.09,77.19,76.92
9/27/2021,79.53,78.05,77.76
9/28/2021,79.09,79.46,79.2
9/29/2021,78.64,79.11,78.77
9/30/2021,78.52,78.66,78.33
10/1/2021,79.28,78.53,78.2
10/4/2021,81.26,79.24,78.95
10/5/2021,82.56,81.16,80.95
10/6/2021,81.08,82.5,82.25
10/7/2021,81.95,81.15,80.77
10/8/2021,82.39,81.91,81.64
10/11/2021,83.65,82.37,82.08
10/12/2021,83.42,83.59,83.37
10/13/2021,83.18,83.43,83.11
10/14/2021,84,83.19,82.88
10/15/2021,84.86,83.96,83.72
10/18/2021,84.33,84.82,84.59
10/19/2021,85.08,84.36,84.04
10/20/2021,85.82,85.05,84.82
10/21/2021,84.61,85.79,85.57
10/22/2021,85.53,84.67,84.33
10/25/2021,85.99,85.49,85.29
10/26/2021,86.4,85.97,85.74
10/27/2021,84.58,86.38,86.17
10/28/2021,84.32,84.67,84.3
10/29/2021,84.38,84.34,84.04
11/1/2021,84.71,84.38,84.1
11/2/2021,84.72,84.7,84.43
11/3/2021,81.99,84.72,84.44
11/4/2021,80.54,82.12,81.7
11/5/2021,82.74,80.62,80.24
11/8/2021,83.43,82.64,82.47
11/9/2021,84.78,83.39,83.12
11/10/2021,82.64,84.72,84.52
11/11/2021,82.87,82.74,82.34
11/12/2021,82.17,82.87,82.57
11/15/2021,82.05,82.21,81.86
11/16/2021,82.43,82.06,81.74
11/17/2021,80.28,82.41,82.12
11/18/2021,81.24,80.38,79.98
11/19/2021,78.89,81.2,80.93
11/22/2021,79.7,79,78.61
11/23/2021,82.31,79.67,79.38
11/24/2021,82.25,82.18,82.03
11/25/2021,82.28,82.25,81.93
11/26/2021,72.72,82.28,81.97
11/29/2021,73.44,73.19,73.04
11/30/2021,70.57,73.43,73.16
12/1/2021,68.87,70.71,70.5
12/2/2021,69.67,68.96,68.76
12/3/2021,69.88,69.63,69.39
12/6/2021,73.08,69.87,69.63
12/7/2021,75.44,72.92,72.7
12/8/2021,75.82,75.32,75.08
12/9/2021,74.42,75.8,75.51
12/10/2021,75.15,74.48,74.19
12/13/2021,74.39,75.12,74.84
12/14/2021,73.7,74.42,74.13
12/15/2021,73.88,73.73,73.45
12/16/2021,75.02,73.87,73.6
12/17/2021,73.52,74.97,74.7
12/20/2021,71.52,73.59,73.31
12/21/2021,73.98,71.62,71.38
12/22/2021,75.29,73.87,73.63
12/23/2021,76.85,75.22,74.96
12/27/2021,78.6,76.77,76.51
12/28/2021,78.94,78.52,78.26
12/29/2021,79.23,78.92,78.61
12/30/2021,79.32,79.22,78.9
12/31/2021,79.2,79.32,79
1/3/2022,78.98,79.21,78.88
1/4/2022,80,78.99,78.66
1/5/2022,80.8,79.95,79.67
1/6/2022,81.99,80.76,80.47
1/7/2022,81.75,81.93,81.68
1/10/2022,80.87,81.76,81.43
1/11/2022,83.72,80.91,80.55
1/12/2022,84.67,83.59,83.49
1/13/2022,84.47,84.62,84.39
1/14/2022,86.06,84.48,84.18
1/18/2022,87.51,85.99,85.85
1/19/2022,88.44,87.44,87.33
1/20/2022,88.38,88.4,88.28
1/21/2022,87.89,88.38,88.21
1/24/2022,86.27,87.92,87.7
1/25/2022,88.2,86.35,86.03
1/26/2022,89.96,88.12,88.09
1/27/2022,89.34,89.88,89.89
1/28/2022,90.03,89.37,89.21
1/31/2022,91.21,90,89.95
2/1/2022,91.29,91.16,91.2
2/2/2022,89.47,91.29,91.26
2/3/2022,91.11,89.56,89.36
2/4/2022,93.27,91.04,91.12
2/7/2022,92.69,93.17,93.4
2/8/2022,90.78,92.72,92.74
2/9/2022,91.55,90.87,90.75
2/10/2022,91.41,91.52,91.56
2/11/2022,94.44,91.42,91.39
2/14/2022,96.48,94.31,94.69
2/15/2022,93.28,96.39,96.78
2/16/2022,94.81,93.43,93.49
2/17/2022,92.97,94.75,95.03
2/18/2022,93.54,93.06,93.08
2/22/2022,96.84,93.52,93.66
2/23/2022,96.84,96.69,97.24
2/24/2022,99.08,96.84,97.15
2/25/2022,97.93,98.98,99.54
2/28/2022,100.99,97.99,98.34
3/1/2022,100.85,100.85,101.56
3/2/2022,112.93,100.86,101.35
3/3/2022,110.46,112.37,114.45
3/4/2022,118.11,110.56,110.78
3/7/2022,123.21,117.74,118.41
3/8/2022,127.98,122.97,123.12
3/9/2022,111.14,127.78,127.96
3/10/2022,109.33,112.03,112.49
3/11/2022,112.67,109.47,109.74
3/14/2022,106.9,112.52,112.94
3/15/2022,99.91,107.2,107.62
3/16/2022,98.02,100.26,100.86
3/17/2022,106.64,98.13,98.47
3/18/2022,107.93,106.24,107.9
3/21/2022,115.62,107.86,108.33
3/22/2022,115.48,115.29,116.07
3/23/2022,121.6,115.48,115.48
3/24/2022,119.03,121.34,121.61
3/25/2022,120.65,119.15,118.99
3/28/2022,112.48,120.59,120.56
3/29/2022,110.23,112.87,113
3/30/2022,113.45,110.36,110.59
3/31/2022,107.91,113.32,113.67
4/1/2022,107.67,108.17,108.56
4/4/2022,107.53,107.7,108.12
4/5/2022,106.64,107.55,107.98
4/6/2022,101.07,106.69,107.13
4/7/2022,100.58,101.34,101.91
4/8/2022,102.78,100.62,101.09
4/11/2022,98.48,102.69,103.34
4/12/2022,104.64,98.68,99.13
4/13/2022,108.78,104.35,105.57
4/14/2022,111.7,108.58,109.27
4/18/2022,113.16,111.57,111.97
4/19/2022,107.25,113.1,113.31
4/20/2022,106.8,107.53,107.96
4/21/2022,108.33,106.84,107.29
4/22/2022,106.65,108.27,108.76
4/25/2022,102.32,106.73,107.16
4/26/2022,104.99,102.53,103.06
4/27/2022,105.32,104.88,105.59
4/28/2022,107.59,105.31,105.83
4/29/2022,109.34,107.49,108.07
5/2/2022,109.36,109.26,109.71
5/3/2022,104.97,109.36,109.71
5/4/2022,110.14,105.18,105.67
5/5/2022,110.9,109.91,110.73
5/6/2022,112.39,110.86,111.16
5/9/2022,105.94,112.33,112.59
5/10/2022,102.46,106.26,106.76
5/11/2022,107.51,102.64,103.14
5/12/2022,107.45,107.29,108.22
5/13/2022,111.55,107.45,107.89
5/16/2022,114.24,111.36,111.93
5/17/2022,111.93,114.12,114.36
5/18/2022,109.11,112.04,112.17
5/19/2022,112.04,109.26,109.54
5/20/2022,112.55,111.92,112.33
5/23/2022,113.42,112.53,112.72
5/24/2022,113.56,113.39,113.55
5/25/2022,114.03,113.56,113.68
5/26/2022,117.4,114.02,114.13
5/27/2022,119.43,117.25,117.41
5/31/2022,122.84,119.34,119.33
6/1/2022,116.29,122.69,122.75
6/2/2022,117.61,116.61,116.49
6/3/2022,119.72,117.57,117.59
6/6/2022,119.51,119.63,119.63
6/7/2022,120.57,119.53,119.42
6/8/2022,123.58,120.53,120.47
6/9/2022,123.07,123.45,123.5
6/10/2022,122.01,123.1,123.03
6/13/2022,122.27,122.07,121.96
6/14/2022,121.17,122.27,122.2
6/15/2022,118.51,121.24,121.11
6/16/2022,119.81,118.65,118.49
6/17/2022,113.12,119.77,119.73
6/20/2022,114.2,113.45,113.5
6/21/2022,114.65,114.17,114.32
6/22/2022,111.74,114.64,114.71
6/23/2022,110.05,111.89,112.02
6/24/2022,113.12,110.15,110.4
6/27/2022,115.09,112.98,113.35
6/28/2022,117.98,115,115.14
6/29/2022,116.26,117.85,117.94
